dataset,disassembler,optimization,unobfuscated,add_opaque_bug_array,add_opaque_bug_env,add_opaque_bug_list,add_opaque_call_array,add_opaque_call_env,add_opaque_call_list,add_opaque_junk_array,add_opaque_junk_env,add_opaque_junk_list,add_opaque_question_array,add_opaque_question_env,add_opaque_question_list,add_opaque_true_array,add_opaque_true_env,add_opaque_true_list,anti_alias_analysis_001,anti_taint_analysis,anti_taint_analysis_argv,anti_taint_analysis_sysCalls,encode_branches_branchFuns_array,encode_branches_branchFuns_env,encode_branches_branchFuns_list,encode_branches_goto2nopSled_array,encode_branches_goto2nopSled_env,encode_branches_goto2nopSled_list,flatten_call,flatten_goto,flatten_indirect,flatten_switch,self_modify_arithmetic_array,self_modify_arithmetic_clobber_array,self_modify_arithmetic_clobber_env,self_modify_arithmetic_clobber_list,self_modify_arithmetic_env,self_modify_arithmetic_list,self_modify_arithmetic_stack_array,self_modify_arithmetic_stack_env,self_modify_arithmetic_stack_list,self_modify_arithmetic_text_array,self_modify_arithmetic_text_env,self_modify_arithmetic_text_list,self_modify_comparisons_array,self_modify_comparisons_clobber_array,self_modify_comparisons_clobber_env,self_modify_comparisons_clobber_list,self_modify_comparisons_env,self_modify_comparisons_list,self_modify_comparisons_stack_array,self_modify_comparisons_stack_env,self_modify_comparisons_stack_list,self_modify_comparisons_text_array,self_modify_comparisons_text_env,self_modify_comparisons_text_list,self_modify_indirectBranch_array,self_modify_indirectBranch_clobber_array,self_modify_indirectBranch_clobber_env,self_modify_indirectBranch_clobber_list,self_modify_indirectBranch_env,self_modify_indirectBranch_list,self_modify_indirectBranch_stack_array,self_modify_indirectBranch_stack_env,self_modify_indirectBranch_stack_list,self_modify_indirectBranch_text_array,self_modify_indirectBranch_text_env,self_modify_indirectBranch_text_list,virtualize_binary,virtualize_call,virtualize_direct,virtualize_ifnest,virtualize_indirect,virtualize_interpolation,virtualize_linear,virtualize_switch
Instructions,Angr,O0,0.9989815555169265,0.9993589497287149,0.9992596236701594,0.9992603350669423,0.9993537462372436,0.9992387062667037,0.9990788652405358,0.9937791821512221,0.9932216380708898,0.9937048385933058,0.9995737022950797,0.9995474731554179,0.9995765010253276,0.9988171987735456,0.9992518041218917,0.9991655878760688,0.9993426550198284,0.9991750256084609,0.9992933958156734,0.9991750256084609,0.9816921966614064,0.9729807870952151,0.9840526220419327,0.9992811092332912,0.9992035113783309,0.9987169951280074,0.9997007301702385,0.9979061373367886,0.9994908686436004,0.9994719428650329,0.8697728498166625,0.8733901732380249,0.8678671367814098,0.8725319890358281,0.8702944191112502,0.8713036812089944,0.867811435285395,0.8645888211709961,0.8663547887189698,0.8687766480889719,0.8639095224342183,0.8629034044468508,0.9454381176387182,0.9448918219396771,0.9418055009763792,0.9416830982587097,0.9404435114969356,0.9468388977871092,0.9338571843355375,0.9360903429811346,0.9386077751957315,0.9291301560808359,0.9286798595381331,0.9283642663148621,0.9994786560577893,0.9994750613371907,0.9994079886401498,0.9994862198870054,0.9994635145261596,0.99948622128701,0.9994750613371907,0.9994163268283167,0.9994788801711055,0.9994750613371907,0.9994163268283167,0.9994862198870054,0.9999911304314246,0.999996555168969,0.9999813311468684,0.9999914741596101,0.9999912753499928,0.9999912443310388,0.9999912602781003,0.999993183208783
Instructions,Angr,O1,0.9989050473412414,0.9991198270941061,0.998694711310907,0.9989558080480947,0.9983106515164186,0.9983483738772257,0.9989337448598907,0.992738233871192,0.9924197866578194,0.9923391646999725,0.999371720848544,0.9993068136473727,0.9995792851619905,0.9989704639248643,0.9990243877874244,0.9989676691631391,0.9991997236919119,0.9988668807982228,0.9989542886518439,0.9988668807982228,0.9778846891979612,0.9693428222913424,0.9857709626560913,0.9985253473330796,0.9988461810042563,0.9986097230382968,0.9994947536471269,0.9982457823618998,0.9985783098662313,0.9986864547013041,0.7381752735567463,0.7371920404551864,0.7327747123000945,0.7552184729597894,0.7260565714858854,0.7294957322516656,0.7417194862563439,0.7321921693323303,0.740110136278536,0.7189015177490962,0.6961261325374308,0.7343479177452696,0.897422520541832,0.8983163194139455,0.8880563204431365,0.8924672765463685,0.8955638618995378,0.8995369036324752,0.8793725979712924,0.8833452459952692,0.8841792857150945,0.8616033721858851,0.8542020273442811,0.852440391446993,0.9989882551854032,0.9989886616268677,0.9989380315977601,0.999039244897245,0.998953252731928,0.999039473974648,0.9989886616268677,0.9989521911764566,0.9990262617201808,0.9989886616268677,0.9989521911764566,0.999039244897245,0.9999516936387527,0.999938773282021,0.9998428573869417,0.9999469168705772,0.9999476567001442,0.9999521609805829,0.999950803765503,0.9999499428028374
Instructions,Angr,O2,0.9979990398044152,0.9984616080135591,0.9982550830642967,0.9981684300978012,0.9984917690566023,0.9977621505652341,0.9984376855211745,0.9915248160538035,0.990593044359329,0.9900766940453021,0.9991401470255703,0.9990641714605455,0.9990559684365218,0.998448919142846,0.998213558275184,0.99839137062513,0.9986238915620707,0.9982381080382703,0.9983834025691244,0.9982381080382703,0.9788432443060247,0.9831567301712572,0.9846015087384675,0.9982716445424231,0.9982636243749751,0.997922164020471,0.9989749611966672,0.9979597119433306,0.9961403371221196,0.9984808084275519,0.750128719760587,0.7497718547770931,0.7454056962666745,0.7668527717989374,0.7481471039269952,0.7511667058733581,0.7528760946830914,0.7676069340670547,0.7823265853505711,0.7530585891281233,0.7553362910728441,0.764344220392987,0.8975664430426448,0.9005973744926846,0.8892023966581105,0.894678962551755,0.8915905798749677,0.8995393114117674,0.87853734453571,0.878534410798339,0.8842463601271164,0.8585922525787744,0.8482211240064902,0.8520452618615143,0.998285855935901,0.9982858502832466,0.9982004666871007,0.9983464958382539,0.9982004584924374,0.9983466360880855,0.9982858502832466,0.9982237719785655,0.9983245837167385,0.9982858502832466,0.9982237605153523,0.9983464958382539,0.9997093398686063,0.9997980337736135,0.9994658508958623,0.9997174591252879,0.9996586652320074,0.9997012322299235,0.9997013315350991,0.999716733197184
Instructions,Angr,O3,0.9980550446847003,0.9984506479157393,0.9980286937643588,0.9982541873256866,0.998515642410325,0.9978483847512782,0.9985680717361767,0.9917331222879117,0.9890276769676427,0.9893104396976771,0.998983155983149,0.9991941775411771,0.9992923323080923,0.9984669921392797,0.9982669059206924,0.9984567895686741,0.9986603900170425,0.9982696380258955,0.9983325671575706,0.9982696380258955,0.9810219795113104,0.9843379172160365,0.9880181311257373,0.9985193204805519,0.998071184835616,0.9982225151336988,0.9988104069993317,0.9979816829132859,0.9958400476000183,0.9985014433938212,0.7499214576319113,0.750555202319312,0.747437443624351,0.7669923089865609,0.7504347843650963,0.7473891901630167,0.7528291854318826,0.7685524477344825,0.7822020176821213,0.7564337109803217,0.7552669448333675,0.7595142023189979,0.8958039042890764,0.9000721329792254,0.8906810618574115,0.8952794126019027,0.8920896597491986,0.9017306770461067,0.8783359401440194,0.8796275730377042,0.8865360307734228,0.857878989981005,0.8515547210867436,0.8555652403774936,0.9982782839941345,0.9982782654871775,0.9982322164825116,0.9984158142888423,0.9982321997301972,0.9984158486813933,0.9982782654871775,0.9982554163707167,0.9983945434967627,0.9982782654871775,0.9982554163707167,0.9984158142888423,0.9997126167642362,0.9998016543156791,0.9994743723863745,0.9997094057526388,0.9996619990526671,0.9997230507684629,0.9996822745057573,0.9997077313277051
Instructions,Angr,Os,0.9970555873942551,0.9983160326873746,0.9981399485232403,0.9982519699242626,0.9983870266498746,0.9980326685984011,0.9981789551790109,0.9892765934463669,0.9872710778370157,0.9903062030379787,0.9990427986049257,0.9989622168714116,0.999145569164233,0.997118614703004,0.9981440827885172,0.9978096635617258,0.9984891975609588,0.9974069419054232,0.9981030912284033,0.9974069419054232,0.9787356481614953,0.9771861217538473,0.9808848727777094,0.9981891127076541,0.9981534867670628,0.9976147517779073,0.9988487936844203,0.9979187565863299,0.9965179581460779,0.9984808610659152,0.7235028960081519,0.7241960698696029,0.7139755194127728,0.7239090792347781,0.7164712652084194,0.7129449247571946,0.7212589311477254,0.7153925372284585,0.7291509575067786,0.6951927383504348,0.6909726794894461,0.6848319881743689,0.8901503831611147,0.8896314302091283,0.8779749803784275,0.8804614040171302,0.8774698110973321,0.8931754856463551,0.8723362934167478,0.8728591554664306,0.8712476279441218,0.8445341725417032,0.8317928680905384,0.8292988294889581,0.9981586474459844,0.9981392292601511,0.9973224139560737,0.9982204587960576,0.998056097253328,0.9980504441630956,0.9981392292601511,0.9973588578187752,0.9981958515167086,0.9981392078008251,0.9973588578187752,0.9982204587960576,0.9996613624209335,0.9997788354416861,0.9994134930525391,0.9996986209498435,0.9996622693897155,0.9996725942525224,0.9996608760555421,0.9997038527806522
Instructions,Bap,O0,0.9763246798001546,0.9833258748151482,0.9817752415223395,0.9820833749172739,0.9824764480807742,0.9810162609270693,0.9813608635971414,0.9758933459904283,0.9711024649504133,0.969609030165226,0.9911662397398439,0.9907738294440417,0.991099170910457,0.9816256003398277,0.9807140638986268,0.9813065851403497,0.9811325826725653,0.9802532184209393,0.9818757203793838,0.9802532184209393,0.8212201505794811,0.8356678111153739,0.838108177520176,0.710976876650866,0.7633505738090849,0.774809191944242,0.9949146477818459,0.4459876838051035,0.36411070055949485,0.47059812326331285,0.40349763445151077,0.4034821617117672,0.37672114799412476,0.38805970546246815,0.37681924491398877,0.3880892422529991,0.40188141365050795,0.3760630321984448,0.38701187098752127,0.4013316353220562,0.37453904828641293,0.38599890542195897,0.5016736584607,0.5017153668217342,0.4574868943287457,0.47453423277755136,0.45807695555345385,0.4746324444614931,0.49514363114277227,0.4513411268728649,0.46742894520374495,0.4929696660824083,0.44934620676974774,0.466238518431409,0.9845598132836817,0.984561797895439,0.9840294653327822,0.9848112404727742,0.9840837038008654,0.9848074787864859,0.984561797895439,0.9842533063038381,0.9845958770522709,0.984561797895439,0.984253274342602,0.9848117409713661,0.8462545369090004,0.939352723235682,0.2920216972234223,0.9602337214311526,0.808989251781128,0.849241885169282,0.8430838461247766,0.8907197046026066
Instructions,Bap,O1,0.8585384751205416,0.8259441808097123,0.8178926509520297,0.8549600631648495,0.8983560738898829,0.8798783680661243,0.9030073109421172,0.7754670006574083,0.7560845297143024,0.8104616195677148,0.9150079500991145,0.9169210555098481,0.9243900176940889,0.81248295944079,0.7756587002228721,0.8218624197873179,0.6000847834538491,0.768543053939539,0.853603423744257,0.768543053939539,0.3959484688164034,0.4659421990237102,0.504220795287859,0.599461903605821,0.6115241839538775,0.6516688134335819,0.45763499549926345,0.8423802339274127,0.2605144817254219,0.3834522032975289,0.29313252260690625,0.3093241347788037,0.29475054430868763,0.32384308011965285,0.27168710149002934,0.31116386574073035,0.34326231633873405,0.3206343742140387,0.37780033288734344,0.3143248383960396,0.28890806064930885,0.3471012330332079,0.30221590205826904,0.3323808216323709,0.2355822226898271,0.3182485639883729,0.28150707212795195,0.33536057583099677,0.3001775394416719,0.28421045243652415,0.3523188925016601,0.2744804139273233,0.23689147723526865,0.2866712850274006,0.7525794815987082,0.7605683579725826,0.7607597468345499,0.8256545376248166,0.7710347159498069,0.8252524116109499,0.760575228217439,0.7638759911643919,0.8233363538132779,0.7605683579725826,0.7638759911643919,0.8256502894738191,0.06776056171964354,0.06017944528292972,0.13568389703391265,0.359856930914201,0.03393275822277991,0.07377114696491102,0.05748382132312622,0.2847371178702347
Instructions,Bap,O2,0.9329135865223307,0.5170068229571668,0.5553485484064178,0.4603990402038043,0.7827169172708446,0.7720210741195668,0.7389881443956376,0.4267733301773014,0.48698216260697197,0.3976481743617482,0.9262592832454862,0.9022894005562294,0.9189403022095758,0.4684855195936415,0.46034212904871924,0.37013111103015495,0.3421877404042804,0.4824048557881315,0.7866408658012801,0.4824048557881315,0.4076976087138122,0.39153397268691525,0.5884574322484869,0.42726851421727086,0.5000328932297522,0.666345289993552,0.430827716793225,0.9584489011332784,0.39805654871693813,0.4314127515359904,0.21587177568089821,0.2296668537410802,0.2142007989724715,0.16476171792079528,0.20051889415599258,0.1676329858262714,0.2389685658207823,0.21967734218431514,0.17864022880079702,0.18543579612352792,0.19100545268963928,0.1359399281717144,0.22574300489377253,0.23256224405458376,0.2145235060113525,0.20859808223210607,0.2123739769995604,0.2070990470131399,0.24534709609908759,0.23155965704926554,0.20834478576294743,0.19610206937070374,0.20370668165973527,0.16463979370329754,0.4593737139249659,0.46086488103832823,0.46454156609030933,0.39628211426695503,0.4637162032782866,0.394829195512445,0.46086488103832823,0.46003848415548104,0.40057042164325096,0.46086488103832823,0.46003155775951343,0.39628211426695503,0.7170823444418699,0.5389565395413295,0.2327931890880998,0.8193452539300587,0.730672141482767,0.7637564214381241,0.7562215715394832,0.7637835711753596
Instructions,Bap,O3,0.9415389918592356,0.5051227434524189,0.4919441953549828,0.47951199545631784,0.7748011629216088,0.7386988490239309,0.7418440727508832,0.44249159018357365,0.44646470411212796,0.39664611490937624,0.8060739390057416,0.7138192275952575,0.8318862637342865,0.4670271511395318,0.43812147274421404,0.3960363969784471,0.34066952292816693,0.42525922708449776,0.9105842436535393,0.42525922708449776,0.4129213525017277,0.3699114388314585,0.5797182207858236,0.4551703092510559,0.5076809606157014,0.6741387769148436,0.47332004291837465,0.9586521782107922,0.4105257291301049,0.43283409177396254,0.2105421527888364,0.22701184136522037,0.2125541245988411,0.16192875370849807,0.19944993604583464,0.16101564639823493,0.2361997628273399,0.21643727755082584,0.17498101537887284,0.18056678689820227,0.18729554131002374,0.13766398152943046,0.21509855148041995,0.21712308467772107,0.19938809730225293,0.19571513738834498,0.19938693142133962,0.19567834022848574,0.23859946127522405,0.22731154686633798,0.20006063282209735,0.19314494256029408,0.20320455743546958,0.15375175069428,0.46554802899426806,0.4649842115392827,0.42710366065807076,0.4116707496684202,0.4264538449366625,0.41089530765568816,0.4649842115392827,0.43477694172057735,0.4036537512400062,0.4649842115392827,0.43477694172057735,0.4116707496684202,0.7156329288733747,0.5351016153947143,0.23383020834257912,0.8068412096341938,0.7288962588819345,0.7618473344481587,0.7829901232420363,0.7568878110796315
Instructions,Bap,Os,0.9512831452605123,0.9408040084593005,0.9342978540316142,0.9278854582238684,0.9542346654311584,0.9473903645602346,0.9518991310825277,0.9174273484526265,0.8945270291759313,0.9195699704445622,0.9329364688758913,0.9127578074545246,0.9648085963935028,0.9287147711991439,0.9229892288460325,0.9290811239739498,0.7046055369456176,0.9172530659570611,0.9327494624236294,0.9172530659570611,0.5263445312661753,0.5478429507564588,0.611849982678081,0.6524480926410882,0.6622724396099423,0.6860104479732524,0.37050356995066624,0.9581501067802065,0.3582742684683733,0.46189431282531873,0.3364010529028494,0.3433007113161116,0.3229224792742166,0.3333819362430554,0.32499315576781235,0.32903330063315606,0.3796952779021635,0.3594895793320335,0.4011580058173422,0.34338650318101716,0.3371128311001738,0.3339004137843763,0.3655335002050366,0.37844285884401513,0.31064606666415184,0.3725291352146259,0.33139784863590016,0.3991517788516113,0.3900437131542343,0.3597071860427674,0.41912095589305987,0.3301530666270962,0.30502970992987694,0.3459018689774978,0.9306674681929095,0.9258791297109396,0.927785449817205,0.9273263828501788,0.9283642086858604,0.9250541574290962,0.9258791297109396,0.9287735178396601,0.9263408163722527,0.9258771257075131,0.9287735178396601,0.9273263828501788,0.7843959381866459,0.7932275948998468,0.24579142185702996,0.8742002891878349,0.7088018227633274,0.7905358959777119,0.7820109402580457,0.8734703570270029
Instructions,Dyninst,O0,0.7739041441211412,0.7871760912788074,0.7587656158071213,0.7316019813166627,0.8543690518698015,0.8261926724998414,0.857109691946707,0.7803268424467361,0.7384617830426407,0.7228282787501575,0.6798378425156621,0.6927839925945299,0.5926685365041052,0.7590605062283063,0.7796993015091165,0.7862743087345743,0.7385376154543766,0.7763857319745261,0.754016887847696,0.7763857319745261,0.5969822452141841,0.6677184311633583,0.6218647802634281,0.5961591971819049,0.6139656866727463,0.5886236072103611,0.5535431387172345,0.4627766841898702,0.36769914945368426,0.7660074240696626,0.37601378071727565,0.3814998501321278,0.34641324820966546,0.35292794381231896,0.3713190477222791,0.3587092722606446,0.36382906397391646,0.33179186698269736,0.34708267931664544,0.38252462775147655,0.346439046578093,0.35486971003012285,0.5441607441180017,0.5433171533146389,0.5226495099762428,0.509688502826012,0.5047945803785019,0.5141681223287652,0.5230561097811056,0.5211092869696158,0.5158943926777806,0.5225160728834715,0.4929493417573389,0.5171751285698183,0.7833758201825347,0.7274464031761511,0.7269765072813072,0.6774733044429648,0.7495781530579746,0.8067988429193602,0.7274464031761511,0.7169116847929903,0.6868729981422925,0.7274464031761511,0.7169114202476546,0.6774733044429648,0.8237485808283868,0.6275083006675088,0.30091229317288576,0.8209501309068316,0.8107207381857607,0.8267290043833335,0.8448676591307535,0.8200821462013725
Instructions,Dyninst,O1,0.7826965238147447,0.7498924292458947,0.7324085521817747,0.7441932389500626,0.7450957358886113,0.7297433245161552,0.7150352098831613,0.7054810693899637,0.6940622363157701,0.7225630611862239,0.7361880189313791,0.7755866466349356,0.7389166293151957,0.7811832181325348,0.7511753415875325,0.7367363954249846,0.6155468585124115,0.7431328288077064,0.9313393144203524,0.7431328288077064,0.5054617663149855,0.5378628576467938,0.5296589095752047,0.4639943452345485,0.45466995488004736,0.5406457594560836,0.12082873924306567,0.7752211056372376,0.25342210137537674,0.8982916666425833,0.3168555634583559,0.3381333865416081,0.33288104855414374,0.32806701031499036,0.29815861153519696,0.3079822017264957,0.34436021599922584,0.3408844397039305,0.31436829639780894,0.3534379022123957,0.3297737229643308,0.36096962780359204,0.32416748970037074,0.3189965955531088,0.2792388010645564,0.3017659178829787,0.32923342078471446,0.3100505124101947,0.31420501130538275,0.3240581926441129,0.3259988579588156,0.3318911478279373,0.33578246785362087,0.3400157438806384,0.7544003191528713,0.762570169077857,0.7695950329037473,0.7567888151479772,0.7594515504345407,0.7406124439997221,0.7625757304996964,0.7726062744623431,0.7535334525029972,0.762570169077857,0.7726062744623431,0.756785378545758,0.16833858935039295,0.10016152679611126,0.07424539529054966,0.4322425154611537,0.11291451516050077,0.267644495150796,0.09350960432371676,0.36027032321800373
Instructions,Dyninst,O2,0.750250268971939,0.7563627526783894,0.7049998029257519,0.7592664745266254,0.8609104506315501,0.8231886009610214,0.8138110641477705,0.7299494231686788,0.7517114265880996,0.7019266322707971,0.8422033404995269,0.860110513357126,0.8269047665341456,0.7649424115505133,0.7587161043956159,0.7303711820384164,0.5869198271088479,0.7807561089164814,0.9191013461860607,0.7807561089164814,0.5295763322258102,0.5963367741421183,0.5433227926109927,0.541218553057942,0.564954592481035,0.5821606136866316,0.45530940222503513,0.7509877986873084,0.2670054007489463,0.5213133415808766,0.41897784370712243,0.44693783259148634,0.43395984982028984,0.36143183007590857,0.40517573491037895,0.36017955007719243,0.4242667515558936,0.3985673091299034,0.3390833480186295,0.41977857088499027,0.39087480808311137,0.3558756173881259,0.386185460039376,0.39530528614913674,0.34092621476985924,0.33098724988875106,0.3716151134816477,0.3294142419294987,0.3723427477810582,0.3923901813495838,0.33389258021719004,0.4002082694081552,0.39276702131711255,0.3443430691871707,0.7548929333577593,0.7656441079388534,0.7620302579204187,0.7322444760118216,0.7395467963942896,0.7112305336630654,0.765438105571597,0.7652000796273107,0.7286621502139707,0.7656441079388534,0.7651996877010594,0.7322444760118216,0.21199392819371116,0.3191730942150064,0.100136215082015,0.4681269054222445,0.10655589140410088,0.23394381833948835,0.17715891592478536,0.41556232729492243
Instructions,Dyninst,O3,0.7054705269805085,0.7905396629486994,0.7737001095442776,0.714603280432114,0.8510874950855827,0.8419839388256098,0.7823822138686615,0.7606516892896414,0.7477450569894858,0.6721647470636664,0.8225955073276504,0.7936149991041072,0.756315978926795,0.8051368053247948,0.7945890700918566,0.6619147991370489,0.5605324364194527,0.795756223736972,0.6581852967067536,0.795756223736972,0.568156325317184,0.5612620887024486,0.5367206237660086,0.5470479417306982,0.5499704229092376,0.5655615501153168,0.4123406146876774,0.7868064965417338,0.26910139961301416,0.4885017811706727,0.4161739543200206,0.4274204729708443,0.42110303508953256,0.3581618472111426,0.3969230845949308,0.3463680415114905,0.4158699848995472,0.38957644890540916,0.3276311806779595,0.4107435570113367,0.3833221495904568,0.3537353530380692,0.3614288735711991,0.3720369011716983,0.34371881414196004,0.31918108960953534,0.36520403535786666,0.3258363048595977,0.36487150435627014,0.38494359114218596,0.32968591062002073,0.38176603453248953,0.3856634499484048,0.34441208163216397,0.7783166510746511,0.7825749571117862,0.7810008418809347,0.673638277644396,0.7624732959067917,0.648081453191207,0.7823657800111252,0.7754063798617786,0.6814600809264512,0.7825749571117862,0.7754063798617786,0.673638277644396,0.24552527646089295,0.3378403927401826,0.10226871186140463,0.4567920941824961,0.11065127168119082,0.23758235740756137,0.3240146247065015,0.42366659960174957
Instructions,Dyninst,Os,0.7517834037180247,0.76301396118859,0.7395223247120276,0.7381401696754277,0.7900718826953339,0.793424114766436,0.7412470303075576,0.6943656287276674,0.7045778061532694,0.6945859491973242,0.8392766465999622,0.8533391093051138,0.8261662168740858,0.7627928635527241,0.7526237637714746,0.7452066978015058,0.5717813253383686,0.7393910149499835,0.9366149266205605,0.7393910149499835,0.4569276449374316,0.48550998566040066,0.5047249017706121,0.4556395532584479,0.4623471394456144,0.5365946165865871,0.13156190274576154,0.70519405781993,0.20392037823438902,0.8652800126584232,0.3202939656108656,0.332255569685534,0.31791707742081055,0.3001919923455782,0.31134549672609574,0.29875258683678557,0.3296327600230854,0.3198643986286055,0.3004248411619242,0.3358871132942814,0.3369665501308896,0.3136152799246656,0.30149243480794374,0.2942891594897861,0.2663313502105995,0.2826978081334683,0.28255684606235376,0.28843956095025186,0.3067721709880431,0.3137041281516055,0.29606704397074785,0.3026190700976364,0.3028785009859481,0.30549057638996513,0.7385484415646469,0.7434807221716451,0.7444637682974214,0.7290526372783648,0.7418542546325918,0.7307364180520417,0.7434807221716451,0.7479605563498628,0.7252680558260892,0.7434790866453982,0.7479605563498628,0.7290526372783648,0.10370271850692989,0.0648088204453337,0.08596159700986233,0.3801509404576349,0.11131039120535716,0.09252361583996938,0.13634634975355495,0.38043824050190134
Instructions,Ghidra,O0,0.999052693644095,0.9993998580547715,0.9992807355375289,0.999298573651697,0.9994246906050599,0.9993257074666719,0.9991397460537345,0.9839144472287444,0.9802471954462739,0.9832254933844207,0.9996878882471844,0.9996729983871515,0.9996876031098499,0.9988710365317962,0.9993101141357192,0.9992309400396171,0.9993932504094826,0.999233816539669,0.999348595241391,0.999233816539669,0.8431159795002413,0.8681065837287885,0.8680330670066359,0.7440176972156883,0.7988880865660409,0.9447576522740119,0.9976363622956382,0.9905703823201706,0.8763972749699084,0.9984141989551171,0.9720257675492765,0.972210396009503,0.9711547669266677,0.9723897487472632,0.9716415323037512,0.9723413818873147,0.9612343422111567,0.9631669323595919,0.9608490776747548,0.9638373018183277,0.9597478742239184,0.9630389448224047,0.944361611763577,0.9434681828077502,0.9411959865941186,0.941335590079701,0.9395792269469645,0.9383171313340192,0.9356548663224981,0.9272913570692511,0.930105058121676,0.9342987056811148,0.9308278044403464,0.9304369437511636,0.9995125229710257,0.9995089247340057,0.9994428214457395,0.9995196048457684,0.9994983588101936,0.9995196062504856,0.9995089247340057,0.9994506690310107,0.9995127420578509,0.9995089247340057,0.9994506690310107,0.9995196048457684,0.8985412022592003,1.0,0.9663884956207471,0.9999791029629733,0.9999630648240749,0.9004050825159398,0.8965317373977292,0.992795131873986
Instructions,Ghidra,O1,0.9981694405585245,0.9987595368631718,0.9982966503630432,0.998371733688887,0.9979695723791511,0.9978779225215634,0.9982737090274749,0.9750612709897296,0.9846192569840535,0.9867677178201186,0.9981548623622247,0.9980580626425776,0.9983659361700999,0.9984150729045086,0.998337903500103,0.9983507441717321,0.9975841765160149,0.9981822746864529,0.9983162850321983,0.9981822746864529,0.8316499622023629,0.8428538581404353,0.8584026479023242,0.7920566053619269,0.8261147915923714,0.8856183701673811,0.9960857080614237,0.9980040026497361,0.8561698708221519,0.9881749705432261,0.7395879048639498,0.7520796074859085,0.7613260591163734,0.7797982726386282,0.7549436794997886,0.7651695770425929,0.7510339931373379,0.7734052585781483,0.7810701401176332,0.7399299990581447,0.7427091719619012,0.7584725976203794,0.7877751524519191,0.7857730252646713,0.7573348668017743,0.7752190622569626,0.7726059415916674,0.7820512305589583,0.8765164767966058,0.8723612031333671,0.8749617912978729,0.7628948463811743,0.7340018457037897,0.7531834151157143,0.9982575603392678,0.9982656447664272,0.9981868960781568,0.9983329781766122,0.9982021158943137,0.9983369058151429,0.9982656447664272,0.9982110707971147,0.9983104508546745,0.9982656447664272,0.9982110707971147,0.9983329781766122,0.9532090486672028,0.9999391279070405,0.9745551416746399,0.999099084293951,0.999935031768144,0.9534917794851564,0.9536610709396401,0.9930416918617749
Instructions,Ghidra,O2,0.9959003323828705,0.9967869016760148,0.9965622881146461,0.9971353357278114,0.9976994352356245,0.9959418102590369,0.997545800249255,0.9785607459515665,0.9832090172379148,0.9844499282287125,0.9980344610678761,0.997933562434667,0.9979370762046557,0.996692682550415,0.9970544675393355,0.9975821732562179,0.9963052619400055,0.9963386604738381,0.9968964184318344,0.9963386604738381,0.8343572496571087,0.8308602428825264,0.8675272693567501,0.81125402292344,0.8402974576406858,0.9258627683955061,0.9955643561693337,0.9970934175624945,0.9053460069519089,0.9887709459219988,0.7085738247037306,0.7203599345726982,0.7184119458968536,0.7174773347471153,0.6977784043209677,0.7190476831985538,0.6941164333011771,0.6791789882888817,0.6750290593712446,0.6745046420536397,0.6587440191780723,0.6640328944084671,0.7258936958988096,0.727373298920372,0.6590260584865533,0.6753467592146118,0.65542488124817,0.6679758649544077,0.8290943941548614,0.7886260789842792,0.7936500356770825,0.7141525502209856,0.6461165145462355,0.6692656506388155,0.9973859178904537,0.9973859131811603,0.9972735436801338,0.9974344730222807,0.9972735364565026,0.9974346132721122,0.9973859131811603,0.9973092060319328,0.997400236268117,0.9973859131811603,0.9973091964818116,0.9974344730222807,0.880212442419932,0.9997980337736135,0.9808359718475893,0.994710333225481,0.9980206392734973,0.8826873088914909,0.8787774576446757,0.9974404365705705
Instructions,Ghidra,O3,0.9963231117134896,0.9980999825990866,0.9966734119936768,0.9972099820070702,0.997413201601874,0.9956788410123683,0.997321855778039,0.9895641556520359,0.9833716339191093,0.9742735219841587,0.99750313786011,0.9974684776868786,0.997645100474522,0.9972352521577134,0.9976283816276064,0.9979371530842959,0.9959079476780462,0.996770380275411,0.9970021754271478,0.996770380275411,0.8335851644468226,0.8356649022602368,0.8734891513287832,0.810940755629911,0.8468100452408198,0.9294466930476005,0.9954992814736379,0.9972226277870494,0.9154374759660431,0.9890379228808863,0.7081003919968047,0.7192450875266037,0.721579015089992,0.726030942084573,0.700816377009095,0.7261638461331464,0.6938410475216347,0.6821521814609051,0.6784590361880597,0.6758290148842656,0.6633778173448489,0.6801712464253039,0.7170515351542588,0.7175144566872889,0.6532985143599771,0.6786064284712577,0.6525758060968792,0.6642323471953654,0.8278622107651732,0.7925682318330891,0.7988047095663027,0.7086684013566216,0.6464668357277621,0.6686976793693266,0.9978797461275538,0.9978797307097486,0.9978251685922039,0.9979373855996885,0.9978251543687138,0.9979374199922396,0.9978797307097486,0.997853869127575,0.9979095609899492,0.9978797307097486,0.997853869127575,0.9979373855996885,0.8812486228446792,0.9998016543156791,0.9811129174205998,0.9947038358674095,0.9980431439108515,0.8834965820746224,0.9065581059548213,0.9967469919486743
Instructions,Ghidra,Os,0.9964682365295401,0.9979962197259253,0.997791408762362,0.9979139599354984,0.9980254966750276,0.9976233547041742,0.9978590618147409,0.9777699184290686,0.9723355950589637,0.983850024555509,0.9986642901910936,0.9986479137485136,0.9987571078510168,0.9966525177969374,0.9977249656441869,0.9974195296630799,0.9982972387759367,0.996934835271103,0.9976985806740954,0.996934835271103,0.8338271761229137,0.8294102683522944,0.8665528466314556,0.8098978728309612,0.8467010178985954,0.9045282684287012,0.995647274822757,0.997404055112796,0.9811877944383743,0.8202573937540798,0.714564574836463,0.7264808518723732,0.7218376347564393,0.7328608748024507,0.7281576683979143,0.7296549747413635,0.7056745655155304,0.7167309137728319,0.7266811983385993,0.7151146032074642,0.7303212909816531,0.7366407285715155,0.7183624246485488,0.7239202496045402,0.6447335887144744,0.670086443233574,0.6600369427373921,0.6860084200512505,0.8295471953975203,0.7930611947876008,0.7966300510593466,0.7136900256540927,0.6476423317537612,0.6913810790910815,0.9977387021539652,0.997699163609878,0.9968603689408858,0.9978089579389915,0.9976235939058204,0.9976220347694134,0.997699163609878,0.9969032300954649,0.9977785548729232,0.9976991421505521,0.9969032300954649,0.9978089579389915,0.8984674270761399,0.9997794087671458,0.9736796768829492,0.9996865269648417,0.9980164288649401,0.9017888921718189,0.8969450906627185,0.9996920077591012
Instructions,Ida,O0,0.9989600602368108,0.9993855479524525,0.999287817464859,0.9992919341413762,0.9993796275981289,0.999261361348786,0.999099631198804,0.7094415017133829,0.7068096695989061,0.7340325606279428,0.9994687471521482,0.9994553434597184,0.9994800262903858,0.9988099170130013,0.9992432968408862,0.9991845966366903,0.9993263462323351,0.9991794459813603,0.9992972309774046,0.9991794459813603,0.7016845498357185,0.7418710214498123,0.7225544060806053,0.8776569262316677,0.9165438930760073,0.8817371892278474,0.9997034541372882,0.6280939803406537,0.7591541075924211,0.9994803708925625,0.4113730736536215,0.411307498429976,0.38519599097434626,0.3958670508545662,0.385381273897275,0.39588016786065805,0.40927287800174333,0.38336733787697463,0.3940532056281792,0.4092842389845839,0.3830226795684988,0.39387863262875217,0.5109732630185347,0.5112441944819038,0.46882781614342095,0.48452901646831714,0.46865874847557476,0.48461336959096657,0.5041003357188416,0.4615833618383271,0.47709330935600125,0.5037108150410644,0.46140000199574616,0.476882904220402,0.9994843112475577,0.9994439688914581,0.9994327863860122,0.999494585669989,0.9994836178300132,0.9994925508753324,0.9994439688914581,0.9994407753101529,0.9994873654652746,0.9994439688914581,0.9994407753101529,0.999494585669989,0.8595673328937928,1.0,0.35309414462498184,0.9999997948330762,0.9991338696024338,0.8621870773710235,0.8524832821906394,0.9999997889782496
Instructions,Ida,O1,0.9988599377450381,0.9989986689986239,0.9985248412838438,0.9988939353270199,0.9981172388641072,0.9982083003239108,0.998866728961398,0.5696290143779875,0.5555274884521076,0.5878495974347056,0.9943750337955127,0.9934707579353533,0.9974153171204285,0.9986877454719933,0.9988263482194412,0.9989379062598608,0.9991130262305508,0.9987864282215247,0.998857377374228,0.9987864282215247,0.6899311780008585,0.7237879764913164,0.7155068168062393,0.7665119467942048,0.7885249392919609,0.7894697630088326,0.9992860584725125,0.9980847412060282,0.8461587425079792,0.9992639849120746,0.4787445482712872,0.47476536594719726,0.5350566295111937,0.5484536248305962,0.5323366826485002,0.5245319182260847,0.48238691668793515,0.504508322086673,0.5249289153731282,0.5121754491674085,0.5226763919157419,0.5678362132827802,0.3983548318802075,0.3740720374717975,0.4007769203008808,0.43822382767973955,0.4491343441722523,0.44821490506890094,0.3627992076198145,0.4047309125807616,0.4457317624420309,0.3701792877046776,0.4199962256730873,0.4616670538946934,0.9988758826994755,0.9988998435832254,0.9988625989635173,0.9990084557385095,0.9988170832416347,0.9990086943608042,0.9988937677951618,0.9989110064628015,0.998980125902467,0.9988937677951618,0.9988946384293337,0.9990265384186662,0.9254756685742159,0.9999346363874407,0.35002792188528054,0.9999473577708408,0.9995797597287478,0.925661451802008,0.9336837487423589,0.9999437253204624
Instructions,Ida,O2,0.873545952590738,0.8733106028713887,0.881270384339422,0.8286895552002185,0.905958410654559,0.9199817726155383,0.9309358409116096,0.4941520505530263,0.4704754114909853,0.504895815507832,0.9693610693542432,0.9765486066363921,0.9684441401803472,0.891363991407279,0.8613308240856925,0.8993300333739763,0.8708380245456429,0.8880692913419161,0.9050434888926148,0.8880692913419161,0.6812140716788601,0.7294083637349826,0.7195370452537883,0.7360881213216804,0.7595414850873083,0.7675712349252016,0.9987294044567581,0.9083496980068384,0.7822639353983835,0.992205922303836,0.5282016794972056,0.5395650737667854,0.5733012333389623,0.5810808677503138,0.5491607942516801,0.580435250284463,0.5069160534941716,0.5335049000404952,0.5399175912970281,0.5133485308718314,0.5338900979596836,0.5430255582167784,0.4123983989207659,0.41939810933069904,0.4455034042729228,0.5121298387945639,0.45180810398624266,0.49756970950514734,0.4436305470531804,0.4759465381062925,0.5070144313930102,0.39786018625805564,0.4569861919199066,0.4895984332101248,0.8775038836106154,0.877878221200603,0.8819626848516983,0.8724242554114929,0.8812163974676029,0.8716645000755993,0.877878221200603,0.883535827234302,0.8707006913923184,0.877878221200603,0.8835358157710888,0.8724242554114929,0.8360036101328894,0.9997613052827156,0.2814086033792466,0.9442866716692374,0.9473499361438503,0.7890183631525048,0.8029577951964648,0.6832869116175945
Instructions,Ida,O3,0.880535351956846,0.8844981768387298,0.8813632811162723,0.8439862895800967,0.9082711151186422,0.9205473685030504,0.9352694555751819,0.4780287308235656,0.46037522314704005,0.5112077932400273,0.9600194854099456,0.9564507241497977,0.9476672913573431,0.8955968780500575,0.871297830670369,0.9171907872467996,0.8864692433383374,0.8931886287467061,0.9008177718049223,0.8931886287467061,0.6878899958794096,0.7228061946761577,0.7223465138736295,0.7378618948618085,0.7619779779367609,0.7748681448230881,0.9868818065825398,0.9082647122808656,0.7748123878046478,0.9922744813536142,0.5295490703786601,0.5399529357504168,0.5731036503838435,0.5900841928569911,0.5491891328677728,0.5853412714092612,0.5108393107741874,0.5360451024233586,0.5380688921173661,0.5153098779552806,0.5323620949553445,0.5583748674825504,0.3977386798442874,0.404800641600756,0.4355276413753985,0.5021003552372457,0.4405393891334639,0.4939386275351016,0.4274558602208187,0.4668624480032871,0.5031816940072943,0.39375769421335577,0.4567135387444127,0.4943796568811818,0.8864848687733394,0.8868251229775191,0.8845251118279874,0.8852803902666987,0.8754521565697435,0.8844825102569427,0.8868251229775191,0.8860848942115236,0.8837093191455486,0.8868251229775191,0.8860848942115236,0.8852803902666987,0.8344593471984298,0.9993386755070188,0.28297584806456116,0.9495678054370986,0.9480359898639225,0.7873750666439993,0.8333877517313644,0.6947100896350749
Instructions,Ida,Os,0.9914892156711675,0.9933291521576072,0.9977776142409578,0.9939461023244742,0.9930692885834747,0.9938279819325915,0.9937284535768516,0.6459289599909892,0.5282842225385088,0.5883608675769407,0.992351065619656,0.9911301089770526,0.992686709262839,0.9920902874793764,0.993579863119077,0.9933031168298617,0.9933015252886958,0.9929439789704992,0.9928519867393724,0.9929439789704992,0.6799240445053406,0.7362609801290727,0.7026775901607141,0.7353386004849735,0.7589170648426298,0.7694922316523406,0.9983344781087296,0.9883204755078175,0.9050205111027928,0.9820157972788741,0.5482864349733569,0.5596501338373624,0.582351776757338,0.6023736726163189,0.5877358472907295,0.5918624484586221,0.5282916363440503,0.5719995588633708,0.5974514893540646,0.5578462175887665,0.6118456479181609,0.605750064821678,0.43567199920381694,0.43409446548382696,0.4605492562318926,0.5096612833028826,0.4831053253242365,0.5329068277217776,0.45987538029365044,0.49956249368131694,0.5238499401085457,0.41529176295547915,0.4686884961011929,0.5329454317647948,0.9932772710830802,0.9931990052622468,0.992740085558297,0.993469261463232,0.9935479479062186,0.9933681124051521,0.9931990052622468,0.9928401728709674,0.9933777359115894,0.9931989838029208,0.9928401728709674,0.993469261463232,0.7961141481882397,0.9997755862745308,0.2888003291226666,0.999694821196947,0.9983461840798465,0.8036296217243144,0.793164952382233,0.999700135073697
Instructions,Ninja,O0,0.9985192592648733,0.9988635058981734,0.998745869844528,0.9987552589809773,0.9990338288344335,0.9989005705590144,0.9987597974495119,0.9934972326980117,0.9912050212554205,0.9934165004656925,0.9983640246043022,0.9983068961287407,0.9985214421273041,0.9982967526857692,0.9990464235723971,0.9986074973859603,0.9993857697556502,0.9988449634767554,0.9986173410316113,0.9984758670231262,0.9525978091132731,0.9368439223865198,0.964136497292811,0.7270259201181376,0.7816107899003327,0.969071286677729,0.9984345646097805,0.47408450883434855,0.3852338184568204,0.7710337544175435,0.9093282452641956,0.9239495085537436,0.9083398367860435,0.9089907154405535,0.9004066350818418,0.9143077320180006,0.8858466830149151,0.8926602967356657,0.8992399009228769,0.8960215298307401,0.8988768126097889,0.8858252445143922,0.960045007201311,0.9567963797290716,0.9536886186177853,0.9573377484761926,0.9591961111168734,0.9579114716937285,0.9483703824618287,0.9459649367732432,0.9501054515480163,0.937908693518349,0.936693904530787,0.9380740001671771,0.9991826930950031,0.998638893370063,0.9985519672766513,0.9991966306403921,0.9984442312334382,0.9986609911097695,0.998826189741538,0.9984098376959439,0.9986380956433,0.9985174093315617,0.9985723603431771,0.9990351490343469,0.8230189244614575,1.0,0.3013056050734438,0.9724296145043858,0.7835227631811247,0.8259729099978218,0.8198367622023995,0.9723685282539254
Instructions,Ninja,O1,0.9983494852834846,0.9986517050481138,0.9981725394678396,0.9984812215972105,0.9978546902453924,0.998168245729758,0.9986354909756491,0.9921325896014859,0.9907970532827506,0.9919732550858299,0.9979637523536777,0.9981383524338768,0.9987648149661457,0.9984665220115898,0.9982392205972266,0.9987617175503898,0.9991502540410057,0.9986216034220979,0.9984355165132663,0.9983063731494903,0.9551479680120462,0.9354966335371013,0.932683682678057,0.8318573118199455,0.8742563010118559,0.9494628054305481,0.9980423959564847,0.9978859137962609,0.5046823343263145,0.7949881584341234,0.8184252301334994,0.8046189108206003,0.7905884900707705,0.8154060426864138,0.7895536982514757,0.790475609349037,0.8215177697898781,0.7845116625679918,0.7946638996085973,0.8003570228603992,0.7553109432072957,0.791422328298948,0.9175681727584112,0.9178906718255896,0.9003421938692243,0.9106676910772409,0.9086683882825326,0.9133815817513294,0.897120563808233,0.8953362267123152,0.8968087654745823,0.8533047042013057,0.8265584706728671,0.836841520315104,0.99817301815289,0.9981209377840768,0.9980668959183587,0.998228837950601,0.9980656929428088,0.998538704259888,0.998138907232424,0.9980926706394473,0.9982049033283118,0.9984385194511585,0.998432158070322,0.998228837950601,0.9034297698889697,0.9999180226659069,0.4515552246684303,0.9657112325155971,0.8894093807183513,0.903873295537148,0.8942064598021582,0.9737595513922354
Instructions,Ninja,O2,0.9945803923209683,0.9961858927948546,0.9971081714864574,0.9971123606040153,0.9967085803170482,0.996832792684482,0.997541001962009,0.9903909548162632,0.9888106241963798,0.9885827783409435,0.9956833723965075,0.9959109363737106,0.9963379296106138,0.9973463380645192,0.9969303364114028,0.9975174527082906,0.9937177441195562,0.9951783940125534,0.9955512242609519,0.9955102967272319,0.9526944711026261,0.9366538059527659,0.9566149746281614,0.8358562360965,0.8754455109826073,0.9370567092802925,0.9966848123865709,0.9960864881999578,0.6103999160360546,0.7330056966480966,0.8282607572749696,0.8101352596382616,0.8046092017971147,0.8147486072095197,0.8007135028222765,0.7988168573075426,0.8137692921026323,0.7919639821651278,0.7955131455400577,0.7914272677595586,0.7540124717985957,0.7620568627677469,0.9095338222958962,0.9095005344446357,0.8960385810220723,0.9063120684116107,0.9016359632971621,0.9074902949671745,0.8954415956004703,0.8872406154294852,0.8927875618509986,0.864590303699608,0.8552886774011795,0.8508378103230813,0.9958633770875057,0.9961911532006091,0.9956595108737071,0.995979220994181,0.9956795573632504,0.9959360481826112,0.9958498007663883,0.9957159974673863,0.9959257512290781,0.9958498007663883,0.9960619201370219,0.995979220994181,0.7616584537375359,0.964845140388418,0.4818362800620998,0.9797574526801741,0.7583867238865628,0.7706615568299838,0.7648836125932919,0.985058203908227
Instructions,Ninja,O3,0.9958700672134048,0.9968129142733028,0.9970097021483779,0.9969322874615764,0.9963598198509639,0.9966228889788858,0.9978150207982959,0.9896944108777955,0.9872531218247869,0.9882240381611921,0.9954216416328197,0.9946716907356187,0.9957656665876028,0.9974968877872799,0.99720661891281,0.9978519561327988,0.9934448716524877,0.9962743686316876,0.9964702193605982,0.9962743686316876,0.9600943469895514,0.9412425963072372,0.9614315917987692,0.8370982354577727,0.8809677895660447,0.9401167843053835,0.9965228331414844,0.9964320707689508,0.6159478982073029,0.7352350755315091,0.8288597723600328,0.8099317995189472,0.8066555293197537,0.8174725498503068,0.7996346142393427,0.7998001701553298,0.8149681835169802,0.7941996027093419,0.7953622654845498,0.7931422963173856,0.7599478733321261,0.7677974955335135,0.9081515486978797,0.9079646463890882,0.8979911778868553,0.9070509176201101,0.9016086415914242,0.9090180712950175,0.8945917135386448,0.8885309068156284,0.8948356198663375,0.8658283823845618,0.8573274564386578,0.8531402788470434,0.9971301430342889,0.9971163290456857,0.9970458464962338,0.9973464705946427,0.9970454077247953,0.9973357086249984,0.9971163290456857,0.9970843892627546,0.997310981667897,0.9971163290456857,0.9970843892627546,0.9973464705946427,0.7601305178790065,0.9604867515941455,0.4799862106213402,0.9722100581610145,0.7565207405301627,0.7687319794179226,0.844235589722484,0.9850475682497786
Instructions,Ninja,Os,0.9939345945468067,0.9958438848469402,0.9970223426150507,0.9971279363162443,0.9971820411799989,0.9963609878893454,0.9972601095690425,0.987773935485438,0.9834915086699325,0.9878124612697574,0.9970103214142535,0.9953304277913533,0.9979089389842136,0.9946355828985087,0.9964381277442961,0.9965072284289965,0.9942205578029696,0.9944315806620426,0.9955599409992677,0.9944315806620426,0.9339357164059467,0.9324879272945907,0.9505141667947167,0.8315560074542091,0.8721264383152637,0.9464964386500396,0.9957651706469688,0.9958109647441987,0.5067692226546108,0.7675396767914204,0.8216837790483609,0.8117525562159279,0.7918259661409276,0.7977712031504234,0.7917438215068113,0.7939871915019335,0.81752384332556,0.7887411488216461,0.7996598710136007,0.7848484269257475,0.7607004990527706,0.7601847275601881,0.9101052720047437,0.9091378586602388,0.8887418140459853,0.8998469973868625,0.8942786634570398,0.9071335365195528,0.8941283308771599,0.8838925620722471,0.8859070061193373,0.8673766844458035,0.8431849208683203,0.8418312928172913,0.9964689889889322,0.9960693992940173,0.9951875810909194,0.9964461772682564,0.9959987688720974,0.9963451280246173,0.9960693992940173,0.9955578774620556,0.99639703681912,0.9960693563219672,0.9955578774620556,0.9964461772682564,0.7863570597124186,0.998226212904427,0.4409696302810744,0.9846139752321815,0.7147073104759314,0.7939839261776257,0.7841097936487426,0.9846761963570253
Instructions,Objdump,O0,0.9988370995786557,0.9992195260752317,0.9991415032506286,0.9990670327512573,0.9992688214470741,0.9991467421923949,0.9989634433166326,0.9919238793992528,0.9911531640144694,0.9932095842777517,0.9996223132682692,0.9996038394530702,0.999621773256019,0.9987019532192691,0.9991360525176707,0.9989667794581751,0.999243594695123,0.9990582288851905,0.9991771375609164,0.9990582288851905,0.9857558887088019,0.9747329991040141,0.9852494719877146,0.9993451671584299,0.9992097961137762,0.9992334044094611,0.9996742240506052,0.9993978522607405,0.9995130956133182,0.9994269352735922,0.8772509354420831,0.8827415074145555,0.8753476882953236,0.8794739873655406,0.8779225312176688,0.8805715198055786,0.8752166452756741,0.8728199770395785,0.8748156740323262,0.8722837392852005,0.8683089013063287,0.8654315077727972,0.9472737719122891,0.9479697330137741,0.942674705316567,0.9428136716535194,0.9426632386714264,0.9490186695214939,0.9381717587133254,0.9381657047013098,0.9404548347855163,0.9313721086887956,0.9285926769488045,0.9280138633092597,0.9993897142259905,0.9993871474755928,0.9993165482622602,0.9993988392690715,0.9993716818482166,0.999398850622708,0.9993871474755928,0.9993261743430735,0.9993902512586297,0.9993871474755928,0.9993261725842693,0.9993988392690715,0.9999997932558401,1.0,0.9999993980447288,0.9999997948357702,0.9999998048472812,0.9999997957796642,0.9999997905734601,0.9999997889810994
Instructions,Objdump,O1,0.9985248778487311,0.9988533760736575,0.9982987738790848,0.9985180001696364,0.9979996543796091,0.9980174486053472,0.9986408176876794,0.9873963918464942,0.9885309145114163,0.9892356305902389,0.9994776377193315,0.999445813103706,0.9994849083664558,0.9986815364344962,0.9986896922662716,0.9986524048300633,0.9989296617587167,0.9985139819251256,0.9986332526222704,0.9985139819251256,0.9841281169329091,0.9702887360033263,0.9867119196269468,0.9986362587239508,0.9989220205610863,0.9989760792267365,0.9994452748926757,0.9978828004582059,0.9988573906535638,0.9992436425924408,0.7293588659181229,0.7272159457213645,0.7221121895965337,0.7442444614172327,0.713378651661805,0.7179809215467648,0.73434486334959,0.7224345326903162,0.7311611643544133,0.7066255794586698,0.6798992131300268,0.7183854437083808,0.9023091864399826,0.9049567450734769,0.893600651537364,0.8974664333597908,0.9009385042500155,0.904354409848548,0.8871103507609972,0.8880857002258433,0.8935472376030267,0.8657938135841966,0.8572395166252397,0.8556141468417477,0.9986589242695015,0.9986591891139576,0.9986053892316046,0.9987176054811302,0.9986167917228749,0.9987179682983487,0.9986591891139576,0.9986239840418498,0.9987002758254698,0.9986591891139576,0.9986239840418498,0.9987176054811302,0.9999380099188205,0.9998904595612785,0.9997957001842216,0.9999336114024807,0.9999343852990306,0.9999385629660001,0.9999371985433266,0.9999374179172399
Instructions,Objdump,O2,0.9967720969437232,0.996540888525236,0.9962324281485244,0.9961989638873976,0.9966477513953608,0.9956207400404968,0.9965747094712408,0.9864001788711312,0.985284833368611,0.9858368626409127,0.9983041154903243,0.9978484505704615,0.9979839050988385,0.9964594632765451,0.9959626094141114,0.9965138938139522,0.9969997143729518,0.9958592275088143,0.9978588420591495,0.9958592275088143,0.9823803423887132,0.9837441259292783,0.9844973577192595,0.9966742764852078,0.9970595271686812,0.996715236394848,0.9971121403947266,0.9970096383612093,0.9952184187932361,0.9984018486864888,0.7415035520466521,0.7414311918586703,0.7318046722552025,0.7587700160016276,0.7405861495161964,0.741156641930411,0.7495991201693052,0.7684070138336312,0.7880183344107543,0.753320287650292,0.7600478746319543,0.768325844348482,0.8982263233649209,0.9014183577375748,0.8906187629454501,0.8955098018529847,0.8941434584225858,0.9003497224927051,0.8837271053756901,0.8791578407175817,0.886784729537891,0.8583409714035869,0.8461439046628235,0.8507803072216775,0.9959557220866398,0.9959556903760495,0.9957124560336975,0.9962417578326432,0.9957124115286097,0.9962419436253104,0.9959556903760495,0.9957647894871008,0.9961939979002228,0.9959556903760495,0.995764725184596,0.9962417578326432,0.9985774447048733,0.9988170123124305,0.9985610418163512,0.9991868179800862,0.9991559011760159,0.9996986380518957,0.9996934179564202,0.9991599872644157
Instructions,Objdump,O3,0.9970601263743,0.9965393472296462,0.9960051466765298,0.9964755010864689,0.9968210765699207,0.9958738240505293,0.9969681810539649,0.9862915312539701,0.9830891945473648,0.9845883457282585,0.9981589636585274,0.998305627332645,0.9985588261557877,0.9965548471960748,0.9961224035600894,0.996758131839935,0.9970411553868124,0.9959546614195462,0.9980419426075209,0.9959546614195462,0.9854682527123207,0.9860840544292199,0.9880208740355977,0.9971899982112999,0.9969463883419624,0.9971433429340344,0.9970711402535143,0.9971121882588172,0.9949365742835204,0.9984306627739903,0.740875689302674,0.7421516398736006,0.7340705909935413,0.7579825397534247,0.7405930493051163,0.7363137887805925,0.749565080302444,0.7671706253157209,0.7875789314146594,0.755786665296357,0.7580401326897097,0.7607879764215275,0.8960960918869514,0.9008732976945361,0.8919912817357937,0.8960700809991635,0.894160832696102,0.9022804413183874,0.8828782676364779,0.8808191519068939,0.8889068168212934,0.857543002723918,0.8495447008527497,0.8539046148810734,0.9961182762447054,0.996118245529846,0.9958890278430382,0.9965389212725995,0.995888994697234,0.9965389838256536,0.996118245529846,0.9959418256294281,0.9964932306011762,0.996118245529846,0.9959418256294281,0.9965389212725995,0.9985998284789226,0.9988423126808333,0.998589472699893,0.9992097636462894,0.9991681803351528,0.9997204872054153,0.9996743315790733,0.9991816726309349
Instructions,Objdump,Os,0.9970589165891671,0.9983039158545989,0.9982147565624675,0.9983210315879478,0.998458094937611,0.9982030985307899,0.9982950434608847,0.9874270617931707,0.9849165137406228,0.9891864347576261,0.9991306859451073,0.9990945428661057,0.999238702983616,0.9971236978577198,0.9982123150003246,0.9978684874903944,0.9984779792093084,0.9974921750056118,0.9980768898481396,0.9974921750056118,0.983894335168537,0.9789913631666655,0.9827423704234588,0.9986819541575181,0.998687265731101,0.998663907559866,0.9992459025760754,0.9979880871713406,0.9964958626702999,0.9988015926160204,0.7112780918873657,0.713082246300513,0.6971592737603794,0.7070893770923335,0.6983288774496154,0.6977755408901124,0.7117743360984423,0.7010350702008822,0.715292616021272,0.6777701269169976,0.6712390140738391,0.6625809545957264,0.8940973289826399,0.8968931876416801,0.8815018966475943,0.8872346964760975,0.883477774490175,0.8958188145955225,0.8791281086785563,0.8769134797303566,0.8783352123621908,0.8467417494417239,0.8296373137707271,0.8287378302599269,0.9981402134094429,0.9981096801999476,0.9974013763767091,0.9982002400057645,0.9981547367940397,0.9980140943767629,0.9981096801999476,0.997437468371477,0.9981748912734513,0.9981096801999476,0.997437468371477,0.9982002400057645,0.9998919270191151,0.9999405983150452,0.9997839279359946,0.9999403902005383,0.9998885322505896,0.9998952489302515,0.9998849843596946,0.999941281965441
Instructions,Radare,O0,0.8134900954771755,0.7816988611107946,0.7497768306550255,0.7889425917686002,0.9081223446199128,0.8944462134045074,0.8688429400600824,0.7229364470893912,0.7434054887851487,0.7976289939921465,0.9212663029300117,0.926954261606519,0.9243850231617166,0.7756969745915343,0.7773768370900236,0.797394593483579,0.4671219407667919,0.7306208526503307,0.7249763222922883,0.7306208526503307,0.7087388913190859,0.7114161352788866,0.7236679034710748,0.5910350848326038,0.6485748937888273,0.6665391114097028,0.5373793725430988,0.3923290666863925,0.3179066918174943,0.4401683339214106,0.2996672220029596,0.3037729295557166,0.289471236830818,0.2916276398208662,0.277834142338692,0.3024038465100524,0.3120364455005407,0.28314399055623607,0.2965231966075404,0.3031276191914023,0.2787020321556344,0.2848827735902135,0.3735185004677505,0.3839421171470709,0.3364706037013679,0.3513167746603017,0.34997787564773297,0.36240100122341773,0.3630037857146394,0.33852628577257876,0.36026037351825474,0.3438340742530535,0.31569935886242034,0.3387075623344732,0.7302106146614403,0.686446376257237,0.6975230003763256,0.6854020852843961,0.7247617345784805,0.7334842167787311,0.686446376257237,0.6882732794866814,0.6851397495075456,0.686446376257237,0.6882715713863817,0.685452649193001,0.2729415863556077,0.40260456478051265,0.24202692010659776,0.46988828249212067,0.16314678404434008,0.2866841949396937,0.25261278508512736,0.5057178004897125
Instructions,Radare,O1,0.6428417939009115,0.6361395994244874,0.6263834527523072,0.6288969109637056,0.8640072758973163,0.8411240242808243,0.8471460149695004,0.6146101928030874,0.5937461021909596,0.6276422767752392,0.8516985996491037,0.8514674065028346,0.8970969432229622,0.5910848340197546,0.5940129508140308,0.5959642636907935,0.21901979400645194,0.5935449254172112,0.5364860220447342,0.5935449254172112,0.6250615041272083,0.6445846625695127,0.6486692944505982,0.562146211128247,0.5914731739978448,0.6056283598895923,0.18673052376531174,0.7432723496604668,0.23725782535541237,0.5723839997445119,0.4318874395145429,0.42974268047460307,0.4520662860267167,0.4730202463561038,0.43404789127695587,0.4469779438778546,0.42219773633423335,0.4356063927110472,0.45212711886774154,0.44526646652553115,0.442809450489043,0.47054204844765474,0.37428926281837366,0.34591506587355836,0.31109489091059606,0.3499138267912609,0.3621496990957128,0.36612232783851856,0.3252519734891585,0.28458076589611786,0.35896782765585245,0.34546935829414877,0.3340281098166489,0.32324858906526976,0.5693029498675621,0.5711330391231171,0.5908404378477593,0.5844349869572331,0.58989961309545,0.5858404908828896,0.5711832231009726,0.5855304854296529,0.5907063946168842,0.5711330391231171,0.5855304854296529,0.5844012537019333,0.0721442794838707,0.06218796910384318,0.16217283293284618,0.1675724615644787,0.040553817740491195,0.07787555805775424,0.06264233500510409,0.1626135977121539
Instructions,Radare,O2,0.6530681845476043,0.6454232293531492,0.6392293243817576,0.6422498690994616,0.8729510202532003,0.8474376878462169,0.8467930008988678,0.5985232460244875,0.6014135909821758,0.6202931806819076,0.8385469629638281,0.8411473312554406,0.8783229294649916,0.6087744297070072,0.6095713544282034,0.6024810247036209,0.2446690104227811,0.5988307343115451,0.5625110582886217,0.5988307343115451,0.6392285808978803,0.6428706759253205,0.6563138714755851,0.571470379672206,0.6052322025740161,0.6127880320828885,0.19366823828514024,0.7536796421473445,0.32962980654752927,0.3842280288120274,0.4105035643417614,0.42354492950911515,0.4233602602014668,0.4293129401881146,0.40521401214872776,0.4246472247017093,0.3981199626720905,0.38103245792976015,0.39532274964916286,0.38899785220903765,0.38755924407584236,0.3686505229875211,0.3004770858584874,0.2983363899195036,0.2734145580382321,0.30560069834478915,0.2704325499651211,0.3080813884286392,0.281956354351723,0.25861470203478115,0.2954235062329857,0.287794427874873,0.262913062811185,0.2471368467812237,0.5766885763064125,0.5786703836622455,0.5988669730307545,0.5985436366536923,0.597917026936764,0.5970101880968186,0.5786703836622455,0.5936002634318704,0.6048436178302377,0.5786703836622455,0.5935955215256392,0.5985436366536923,0.13817659901157042,0.053608303572858965,0.15232199674654265,0.35846216043012064,0.08900820531898007,0.1699515384206831,0.14111789582250409,0.35057338269219196
Instructions,Radare,O3,0.6531257397736429,0.6614523958261797,0.654283149325635,0.6578014991042618,0.8707559398321535,0.8417464639269826,0.8424325741543501,0.60146685893821,0.609670694335474,0.6289417734727112,0.6952950341708969,0.6358564158081063,0.67766353420498,0.6211811628012618,0.617522833139315,0.6192492619126256,0.2518831923786415,0.603893199726073,0.5683325056840499,0.603893199726073,0.6451802623912528,0.6467979769036318,0.6688410344341605,0.5801859508029821,0.6075858751254074,0.6201206002085641,0.18301262635302298,0.7607658112360343,0.3400715551753514,0.3815380253004839,0.4235268300244913,0.4340609549626195,0.42742604699042225,0.44093560661263914,0.40978983476458286,0.4309325289885132,0.4101928533144281,0.3860569503636121,0.40321907361866766,0.4003542522933388,0.3912147301254374,0.3839823321995632,0.29880173113296116,0.29627145706257063,0.26536994143132464,0.30904162452890444,0.26470710365384925,0.31488693222568787,0.2844277881730123,0.25844788485415726,0.3037781007221228,0.28351621800962046,0.2677396113179514,0.23570947497992628,0.5966352773700083,0.5973395168419706,0.6105933767502594,0.6163420246311614,0.6087616210028901,0.6160766571032827,0.5973395168419706,0.6056148148676421,0.6225829633809393,0.5973395168419706,0.6056148148676421,0.6163420246311614,0.14169519874507025,0.05349342109020704,0.15503261778730465,0.37075797460901855,0.09107040516057192,0.17114012137693926,0.2995544143928308,0.3633849200420377
Instructions,Radare,Os,0.6579467050322595,0.6325616175975511,0.6413505199404245,0.6297417707746771,0.8724618274754348,0.8502493229262745,0.8458639342792502,0.6200579956647982,0.6091955344957402,0.6305990255060216,0.8367172292486139,0.8345410548124476,0.8911282766418293,0.6064823593228865,0.6119454841640231,0.6142499420254303,0.26184715070188197,0.6101224838912155,0.5728265070319645,0.6101224838912155,0.6408408651474934,0.6667980681032056,0.6791318219682311,0.5732303640007946,0.6085415370622951,0.6149215810441919,0.18039976001238392,0.7505409653370491,0.2904897103176313,0.5740162706785826,0.4256496649000464,0.4330173903645397,0.43887905406081185,0.4497783727572522,0.44318447935746264,0.44329191309903626,0.40987562195965976,0.41781428863543474,0.4438955329722649,0.4260071147659774,0.44751141328049787,0.43080401798482765,0.3330597839908119,0.32404072318432925,0.3084896826543651,0.3160587561144533,0.3147958297788588,0.35149818533884,0.2948767823210495,0.28197759490632834,0.3279695648318747,0.30950641989980904,0.28273286333937625,0.2873335591229621,0.5804852131666425,0.5805755084500013,0.6030799010439282,0.6010281462315777,0.6032393733355814,0.6009887485721369,0.5805755084500013,0.5971663506312656,0.6078830337516536,0.580558282689504,0.5971663506312656,0.6010281462315777,0.12678098851434105,0.05332516281622319,0.16858249790672675,0.335512678753745,0.09244639641025933,0.15514501686189563,0.11706537485432399,0.33832891630424317
Functions,Angr,O0,0.7572427523646448,0.7690479174965166,0.7680161145157497,0.7686547422421327,0.7701864114794486,0.7696235842479688,0.7708708597441296,0.7337266366287476,0.735673789128069,0.7189529248389848,0.834782954183039,0.8351674937392859,0.8374272562928473,0.7720976662761644,0.7724698868312543,0.7730471901199959,0.7738556987794236,0.7731109259499445,0.7734932533152269,0.7731109259499445,0.7063117262701477,0.7004394617142244,0.6958723133521086,0.7128444485528488,0.7176403491936816,0.6750557701235166,0.9381024468544126,0.3186777489498189,0.25373365567697204,0.7557082663830906,0.2271611795819935,0.23197028820188637,0.22424404235902692,0.22976097347812052,0.22780033300459787,0.23084478901686042,0.2346679505535872,0.23794186299973386,0.23684620691912425,0.21525513215227773,0.21682703595301467,0.22447314461891468,0.43795198637073696,0.42697806444686204,0.4296415280291585,0.42185331688782834,0.43274239414484894,0.4338050257156215,0.43481290286310703,0.43871511745656616,0.4612141684906988,0.4099972039671608,0.42146005444892065,0.4191788473634656,0.7723081485844846,0.7720622286202548,0.7709260949241173,0.7722863102986055,0.7711387411833106,0.7718627161018459,0.7720622286202548,0.7720984973430265,0.7711165909219188,0.7720622286202548,0.7720984973430265,0.7722863102986055,0.2277110999153693,0.9440918515660581,0.2537450132090422,0.7574834166493268,0.25838379832210134,0.2277110999153693,0.26191281881211476,0.7370272318925049
Functions,Angr,O1,0.7660559152260509,0.7868918452412965,0.7888723051946676,0.788034043699617,0.7928724909267026,0.7933389484711311,0.7903052504931007,0.7449865611766434,0.7472153869702316,0.73676187213489,0.8677295821024384,0.8691636015835073,0.8834097904160727,0.7870594605806639,0.7860284764679354,0.7846697897956306,0.7998799623079692,0.7856500239414438,0.7857651135752718,0.7856500239414438,0.716463342758076,0.7145673060917958,0.7260318460355949,0.69408730183385,0.6978072690461877,0.6979124558186703,0.9493488598823436,0.7884632472496117,0.24171532489579198,0.2764480414620238,0.24224996044833313,0.24395959806680143,0.24732692132683903,0.2383484130593945,0.23899016714929408,0.23232803569882776,0.2461143597355938,0.23830269476244606,0.24052133830020314,0.22080517264374427,0.2179766725232274,0.21940836751221968,0.4241414322093935,0.4330558388062497,0.4240397469640895,0.416257797427453,0.41846806866690933,0.42330477544021583,0.4365133064336331,0.43710512237599575,0.4289696326830973,0.3798974200014395,0.3618301660728398,0.37126949581321983,0.7857097331274852,0.7860621034149059,0.785631103170805,0.7862637765240098,0.7856711903221818,0.7863863926306236,0.7860621034149059,0.7861149259047833,0.7857819652848859,0.7860621034149059,0.7861149259047833,0.7862637765240098,0.22820859574524047,0.9481123601257957,0.253996668469804,0.733395743637222,0.2347698701951198,0.2139012643943169,0.2559901594776499,0.5506962270711246
Functions,Angr,O2,0.7436254722690963,0.7630910327614571,0.7685666286483787,0.767461376947028,0.7754413093476937,0.7763428968575873,0.7724006687122301,0.7242315213659263,0.7281829984480914,0.7207222368484376,0.8503681096360812,0.8482624293705912,0.8604246388503084,0.7640196659672465,0.7641207036787045,0.7635571432914666,0.7724515984081194,0.7623192524945801,0.7650782395403356,0.7623192524945801,0.6998107554913247,0.7005543440101671,0.7144062468316277,0.6802681125635742,0.6849388032144681,0.6722457698947266,0.9067728157223766,0.7602063583363675,0.3352391695383017,0.2853730558831708,0.23805523117098437,0.24238117807398563,0.23856081159820633,0.24396905882873365,0.2331110150619596,0.24280998556688352,0.24594793447665278,0.24577907464832358,0.2471951785903121,0.22722842971933815,0.22107983945876328,0.2178981854657644,0.4679438019795153,0.46812283206022187,0.4548589292281438,0.46365483716532263,0.46278425947955554,0.46060400711051486,0.46910499124360683,0.4688062715102373,0.47262215745279734,0.41466678730242346,0.40057047617814984,0.411654918523222,0.7629338397096258,0.7632382986900665,0.762485772139885,0.7628342303121584,0.7628487803224977,0.7621813568573547,0.7632382986900665,0.7631301059888306,0.7624742376919103,0.7632382986900665,0.7631301059888306,0.7628342303121584,0.28252314459141714,0.9122216078026077,0.24087632512002186,0.7194035303808051,0.2338006163370288,0.2356397064368367,0.27982387358560434,0.489276258293976
Functions,Angr,O3,0.7414207704776211,0.7571932706903012,0.7652821147728558,0.7642489337810439,0.769370758712848,0.772548396315981,0.7695015872521828,0.7186658448097879,0.7148602212112073,0.7068971054223939,0.8528255360507538,0.8547371655495559,0.8600937090585419,0.7588188110520065,0.7607923889182693,0.7603074828502291,0.7738024631359505,0.7617243861889305,0.7620199290532111,0.7617243861889305,0.6934196210298439,0.6931714083605559,0.7150657255017786,0.6785947572709085,0.6851164257628868,0.6724677232764086,0.9077101464978369,0.760726965478037,0.33566328187567784,0.2732427918515844,0.23400577347397114,0.23931094511261677,0.23691965597607892,0.24255325125092192,0.23107460240745206,0.23786069183549477,0.24442603518212155,0.24382910414340525,0.24266677189945884,0.22792014253906143,0.2180407806153075,0.21527611610284436,0.4676040738037325,0.4716369253208635,0.4544567443768149,0.45973604532803153,0.4604615302114942,0.4599200693684792,0.46650753799419453,0.46759043482598117,0.47050493895175266,0.4133040401680844,0.3968546511247107,0.4108801477828325,0.7608719563814141,0.7609563572291738,0.7611617030054416,0.759908249794426,0.7611550316282757,0.7597614228870356,0.7609563572291738,0.761433166478341,0.7596158970518838,0.7609563572291738,0.761433166478341,0.759908249794426,0.28252314459141714,0.935879975481361,0.2411180304314331,0.7130613949283031,0.23386240575867984,0.235675706148839,0.31797051481917943,0.48051320685287574
Functions,Angr,Os,0.7525444578163699,0.7765078022213181,0.7756414429557105,0.7747033896646796,0.7820958945969024,0.7814854655497403,0.7790867884991045,0.6932888178758391,0.7215208866783948,0.7181832415743727,0.8629375986775233,0.8635308350728089,0.8711789799779469,0.7724052064603506,0.7720647289401836,0.7678810659534165,0.7880593452393483,0.7715101491364792,0.7725116994049863,0.7715101491364792,0.7142215180252429,0.7197565815762935,0.7267840095031045,0.6979177337654752,0.701791601273608,0.6865529773512119,0.9473503775668237,0.7773123962085949,0.30128297567018847,0.35370575292901163,0.24586276698650814,0.2525974392216782,0.24041468413876263,0.2443635621088745,0.24196505427288395,0.24195212921425976,0.24975954288154092,0.25061107508329905,0.2560280735967609,0.22653282205894082,0.23685421985132118,0.22006822422950262,0.4627929671451189,0.4641545595014037,0.4621576949585835,0.45428742108918396,0.46753254986977283,0.47333029379532404,0.4639840218932581,0.46587311264170495,0.48459925911061236,0.4050841224692246,0.399600774923426,0.4139901040093763,0.7736866910977953,0.7735197208488579,0.7677622082039864,0.7727495627157385,0.768161806813455,0.7726622557349554,0.7735197208488579,0.7686428557451648,0.7720768407749344,0.7735197208488579,0.7686428557451648,0.7727495627157385,0.2275442859348572,0.9369293713190436,0.28752359507464265,0.7395458976245228,0.22500896242312385,0.22791875883487314,0.22657463824323446,0.7309034576694736
Functions,Bap,O0,0.8761171186516687,0.8892078558971197,0.8892078558971197,0.8892078558971197,0.8892078558971197,0.8892078558971197,0.8890752792115946,0.8588832755248466,0.8617716364149501,0.8576208853069914,0.9351967935797402,0.935108039228577,0.9358975806059817,0.8888687379257424,0.8893830301955467,0.8889632375018165,0.8882526687019628,0.8884527947813928,0.8884527947813928,0.8884527947813928,0.8501892571286165,0.8480451889788493,0.84588821197372,0.8927886149522012,0.8927886149522012,0.8927886149522012,0.9757671935191203,0.8846174655377929,0.8846174655377929,0.8846174655377929,0.7984552840276681,0.7997569009871635,0.7981285708085644,0.8195269848135592,0.7986068767803319,0.8205984854282273,0.8350168320770123,0.835582182127027,0.8365428331952108,0.786937682540837,0.7872058013354446,0.8110013819085331,0.8245900881470816,0.8214892890799097,0.8035382515665115,0.8276955042980054,0.821722163439612,0.8297483807273807,0.8333594922698373,0.8333230245250789,0.8441737002107876,0.7599766267633353,0.7599766267633353,0.788297866322888,0.8883707779292581,0.8883707779292581,0.8877257618083793,0.8883707779292581,0.8878213709240663,0.8883707779292581,0.8883707779292581,0.8882765154208343,0.8878213709240663,0.8883707779292581,0.8882765154208343,0.8883707779292581,0.8571675199228386,0.9710127517918932,0.8592230496221465,0.8571675199228386,0.8571675199228386,0.8571675199228386,0.8571675199228386,0.8571675199228386
Functions,Bap,O1,0.8140693515488986,0.7761994041991643,0.7773212839546373,0.811282241303309,0.8109159235432287,0.8051744909947155,0.8376148248025318,0.742294505611377,0.7478383980972051,0.7796476226823823,0.7805056677264331,0.7811962522722556,0.8328204482755613,0.7770746380165686,0.7718056035667391,0.8077947005272441,0.6873855132687005,0.7683671521643013,0.7808474199761299,0.7683671521643013,0.6409193488550737,0.6562924423511458,0.7006416175042903,0.7975412354518149,0.7957056495861032,0.8264393426851566,0.3671113717764369,0.8042645962673358,0.8141807537278084,0.8000602612801891,0.5508564363441619,0.5550778630878721,0.5431148702285087,0.5400682919371048,0.545942955474169,0.5541684793168745,0.6012474295738119,0.5798368749624836,0.637147906207074,0.5070950818877888,0.5021416668994432,0.4968716131328303,0.5803345560906691,0.623817879263747,0.5504277962349513,0.6017117783620065,0.5436047753290725,0.6119080204606189,0.5976848349584908,0.5801296896060412,0.6493660640783088,0.47680911578572227,0.44912308279316027,0.449299073713524,0.7678432631152037,0.7677418509730022,0.7662987267731529,0.8051068528517413,0.7672495816428739,0.8051050021926315,0.7677418509730022,0.7675756632897408,0.8040764598875298,0.7677418509730022,0.7675756632897408,0.8051068528517413,0.7458013548607145,0.20136508772556172,0.7454172013730066,0.7381301114223714,0.7431762418650396,0.7458013548607145,0.7455626224440309,0.7356090643970717
Functions,Bap,O2,0.7753564306431511,0.6406351383822068,0.6570963311918653,0.6273791948932133,0.7381001930703911,0.7392923778515548,0.7516793387945515,0.5979884558086705,0.6225179260715105,0.6004820178840128,0.7001000410368522,0.6966474723330849,0.7266706910117445,0.630155623662775,0.6260837672027394,0.6137979335053333,0.5587300185933816,0.630248912370391,0.7125663924492474,0.630248912370391,0.6273966195567756,0.6102499729515539,0.6809836538594751,0.6661173041685747,0.6873210997929913,0.7867726489019844,0.31580334794474885,0.7711169925046969,0.7836872955410835,0.7665522455477116,0.49085153929398495,0.49723768657062484,0.5024835818705322,0.4923057298664662,0.49912503051942503,0.490088594217389,0.5492972180801293,0.5512410011155338,0.5507915755415134,0.4499582024648908,0.46381763194123155,0.4542633900125837,0.5198784621377315,0.5375016169834772,0.5192768863066616,0.5221672679349022,0.5110698375201694,0.5313480801460687,0.5259602478025799,0.5282162252457315,0.5519801758046128,0.435362415411262,0.43483482910419746,0.4423581130607622,0.6259109924856161,0.6260858558735943,0.6243651097989692,0.6145081159466845,0.6242959232646338,0.6145728927614803,0.6260858558735943,0.625974882191192,0.6127433872538602,0.6260858558735943,0.625974882191192,0.6145081159466845,0.7234062006243385,0.18180907313152397,0.7403780160722189,0.7259987197885638,0.737885928452015,0.7344280159146254,0.7373800960276626,0.7260482177071871
Functions,Bap,O3,0.7730242658803271,0.6319459319647414,0.6382642739709854,0.6309442193703866,0.7330525656731108,0.7159368859076809,0.737629980854412,0.5991593486914686,0.6107222141280577,0.5878927054882387,0.6037762731361582,0.5970794175344871,0.6351024694890117,0.624518350037545,0.6101414777387055,0.6136903831568415,0.5552459457051793,0.6100891650614568,0.7361461720864522,0.6100891650614568,0.6004922832712658,0.5845037839613804,0.6640694813974026,0.6624429929976043,0.6745883353983338,0.7708787492034374,0.32343304982981264,0.7710593656703985,0.7843173680236054,0.7649426284144178,0.48971561732211794,0.5013894978856644,0.5005981343812588,0.4956704025910211,0.497838407751016,0.4868193624919815,0.5462177282452718,0.547103833247558,0.5494146395829103,0.4485556064944389,0.4633855733521777,0.4552004856413846,0.5143969482271701,0.5285370695062656,0.5110368545110772,0.5122737749510813,0.5022058817228803,0.5228161677940061,0.5332029069953024,0.5267563903495369,0.5523112213478999,0.4418957324645093,0.4279879181213468,0.4373066209138366,0.6197409618242241,0.6197409618242241,0.6092775821536374,0.6122806091647292,0.6092775821536374,0.6122806091647292,0.6197409618242241,0.6118549121245341,0.6093517550913455,0.6197409618242241,0.6118549121245341,0.6122806091647292,0.7234062006243385,0.18180907313152397,0.7403780160722189,0.7194081735263052,0.737885928452015,0.7344280159146254,0.7366273144371769,0.7242873966776552
Functions,Bap,Os,0.7868280858759051,0.7570476866991579,0.7569708743958837,0.7879632035572188,0.7989885298391377,0.794855179922339,0.8261487912804147,0.6942541515917873,0.7127363702750612,0.7523850885753238,0.7845269017520293,0.780019215594935,0.8320886183086708,0.7491265795343646,0.7491596582808012,0.7817856628731937,0.6494315162042381,0.746429280561733,0.7457815718354496,0.746429280561733,0.6491989536062491,0.6599795854156564,0.7101830598885255,0.7760892658531108,0.7773480324974584,0.8041262851412394,0.2824292715489035,0.7809026432618434,0.7911143264916138,0.77287201635351,0.49474053367354,0.49611563231302197,0.5010433919986413,0.5057180365045493,0.49857585420933886,0.5024570005676474,0.5596818313410753,0.5588546838973143,0.6111352032090522,0.4584753424317372,0.45663365173686626,0.4578302184885293,0.553335511748834,0.5811160442646472,0.5300898386104793,0.571008112308695,0.5346091574999392,0.5879471586367465,0.5649453663999253,0.5448985461865535,0.6511310607865266,0.43761106470139205,0.4185648507525949,0.41697821691755677,0.7451832488137454,0.7455842569147885,0.7442633654178791,0.7793062403247767,0.7443601367541488,0.7796624372496443,0.7455842569147885,0.745696619052612,0.77807581178475,0.7455842569147885,0.745696619052612,0.7793062403247767,0.7434993127352907,0.18290242547236996,0.7462670907697131,0.7341520811665241,0.7431943476805887,0.7434993127352907,0.7444575113219478,0.7341520811665241
Functions,Dyninst,O0,0.7856796513904127,0.797153660489312,0.783728837455518,0.7637890852932973,0.8627396688160469,0.855243534318542,0.8754424260196891,0.7870768313363227,0.7530319817287275,0.763640763710884,0.753239156037501,0.7855944495886067,0.6974930788934322,0.7864718304508995,0.8003521278440091,0.8086756325675855,0.7554521809948606,0.7915323190416348,0.796283161429683,0.7915323190416348,0.664546210839765,0.6937511252840556,0.6766592723659708,0.6853255930996695,0.6707613247864767,0.6888075773060524,0.5426787076659261,0.5980994254950388,0.5912369510122891,0.7878038535795693,0.6605892775785893,0.6588948424080735,0.6576929220594419,0.6661760997695662,0.655781066094211,0.6660603091295266,0.6579259101475374,0.6388206730610345,0.6542440398676372,0.6236369214146186,0.6120191793197908,0.6524721790729217,0.6642773468082733,0.673426516468883,0.6605437676320479,0.7072786411794307,0.6786303375998475,0.6871250320805788,0.6476575241099705,0.6900759661199324,0.688383862633202,0.6552318085038126,0.6652586313215808,0.6892350452888412,0.8212111638946887,0.800420213694964,0.7639339866795426,0.7556576216972857,0.8044473106958245,0.8316534510803537,0.800420213694964,0.759434133972006,0.7601035242294691,0.800420213694964,0.759434133972006,0.7556576216972857,0.5469493177354657,0.6699888404027546,0.5592508816110412,0.8795122959552906,0.5509505334962157,0.5457635578359279,0.5533102032163869,0.8788295228460469
Functions,Dyninst,O1,0.6989480410028241,0.6691896615049027,0.6633600136294003,0.686169513943961,0.7098388591856672,0.7037781405368395,0.7145971575063518,0.6315550186501243,0.6255578128860316,0.6612796338621022,0.6459958090471211,0.6694119182855213,0.6616840402349697,0.6835387687925091,0.6700505442302049,0.6853780039975418,0.550640783736135,0.6659929417121504,0.7709998988185615,0.6659929417121504,0.5359686311343584,0.565673182410019,0.5561399291808663,0.5353974819557543,0.54057090798017,0.607997017289703,0.11626479010520721,0.6656599572734045,0.44523050079530097,0.7454669061614974,0.39375927153490325,0.40029472020450435,0.39163331916184096,0.3810328145757298,0.3875254232952221,0.38939838462607196,0.39453719727371894,0.3876017608989108,0.3828396583502628,0.3854582987087303,0.389484127127261,0.38094170635354746,0.37384797558562516,0.37875960781752205,0.3767281458080171,0.3747071368965645,0.3653883020330253,0.36516016230939974,0.3743116312255342,0.37711299307605556,0.36635657005164746,0.37726232606063936,0.375814027107075,0.3685969091081936,0.6755496111495118,0.6796146479970618,0.6755838687173872,0.6925042037604663,0.6760161331914091,0.6876513619846186,0.6796146479970618,0.6780632632883348,0.6899868568006363,0.6796146479970618,0.6780632632883348,0.6925042037604663,0.3357171107715904,0.08527142868145096,0.29290616714981016,0.5037150299433821,0.29220606285934353,0.3371648973165205,0.33325392757494804,0.4498913988953573
Functions,Dyninst,O2,0.6604473119209842,0.6469356308779362,0.614185257909341,0.6544068836707475,0.7158768540602402,0.6901448964250545,0.7055802812499152,0.606168691682365,0.6106817431836361,0.6133436238938742,0.6998343515858398,0.6937551958271047,0.6739253457238151,0.6393279193642633,0.6331753765950178,0.6447199637019956,0.48978730229069417,0.6378041273305183,0.7675308060914432,0.6378041273305183,0.4949611215894799,0.5351384301780209,0.5159656643538336,0.5188219783739478,0.5393723386308724,0.5457653047268749,0.4674573121152846,0.6349665936593722,0.4008728206990212,0.5039660743243485,0.432692620016643,0.43990061976916794,0.43300006652622325,0.4116353757068691,0.4361682910314343,0.41257407080177594,0.4370793371608976,0.4424063234054743,0.42014665236152104,0.431501204724916,0.4390395972846151,0.42606686059974086,0.41183566326075016,0.4238971414098615,0.4193815865486713,0.39365879248696944,0.42314935064298737,0.3954885719593218,0.40850441052337655,0.41701414405642023,0.3968249053669556,0.4234789287590655,0.4287190429648896,0.40662049380477283,0.6314116319702929,0.635278447365541,0.627680539295686,0.6381985340721197,0.6298440392569358,0.6337228305423984,0.6345377066248002,0.6306245967515415,0.6355962273599967,0.635278447365541,0.6306245967515415,0.6381985340721197,0.33174138730059305,0.6164676430081935,0.3109292607271668,0.48858935422023475,0.32494009043368055,0.3565489651538951,0.36095268742382475,0.44738967961727794
Functions,Dyninst,O3,0.6394659413237118,0.6495907513746245,0.6475465230721611,0.6186728445302897,0.7184419122209998,0.7088225193932017,0.6930052851224919,0.6193849074682891,0.6015291932162484,0.5877935848805669,0.6659361170832727,0.6370338198784385,0.6322149719130881,0.6499516092926834,0.6444245769866928,0.6038919053447875,0.48292148606137475,0.6423995284961509,0.5763209126603298,0.6423995284961509,0.5130113325185628,0.5084506282594965,0.5063600658213007,0.5147153655984466,0.5317031167275275,0.5393628811794717,0.45600345510767376,0.6674288911476468,0.4028952003811418,0.4899834137531609,0.43047727434526456,0.4336886004838597,0.42812133529351554,0.4115836429408768,0.43138440213947193,0.413352580377868,0.43262559068254225,0.43894581758034756,0.41856181569511924,0.429909558198514,0.44080236645570126,0.4230202080107654,0.4016656663482742,0.41785666673485855,0.4191470986146572,0.39344645234531156,0.4212969208100995,0.3942589686260686,0.40773045453773377,0.41544396926387656,0.3968965073113306,0.41905755952540874,0.42278522033812066,0.40363935934378176,0.6422331434180389,0.6465288984292681,0.6421597182509655,0.6027817561934156,0.6435297411172545,0.5976732557242957,0.6457781476785175,0.6442926950313579,0.6044636980590787,0.6465288984292681,0.6442926950313579,0.6027817561934156,0.3586649924706253,0.5981757192135179,0.307680234263538,0.4843818110163871,0.32919627508857763,0.3601290857919474,0.36421496974810674,0.44233608086337606
Functions,Dyninst,Os,0.704746492778582,0.6826608031200697,0.6622768404577283,0.6916632346144507,0.7237652646740789,0.7240571150823952,0.7178954281322399,0.6013633022473578,0.6103729137385239,0.6546328541687172,0.7187389765029192,0.7185484678816401,0.7450759797788321,0.6770877328550529,0.6703970997783992,0.6947970844342682,0.48739281183995437,0.6536011109341353,0.8130604768962647,0.6536011109341353,0.47634299610771885,0.4854671862224844,0.5255859157060372,0.4925247618815035,0.5081987192477835,0.5446835949889387,0.12411800196900659,0.6424438733708471,0.32688650008851133,0.7769012957354207,0.3584229273899323,0.35439978961806784,0.35572051196530174,0.3500477887584657,0.3540783275446119,0.35418970926091203,0.3539345176549601,0.35919504467325253,0.3511039820997275,0.3511604538258455,0.35309548867754736,0.35428809336357797,0.3284832696557208,0.3346152389970528,0.3233532771550382,0.3407127942968208,0.3269315125490022,0.323431004616106,0.32228443568541015,0.32686519533700037,0.3259763639538154,0.33771652940166796,0.3406893646681107,0.3341941281090474,0.6698425713401084,0.6673401399551964,0.6610357623949835,0.6894774233292902,0.665792857427966,0.6921563795440719,0.6673401399551964,0.6643995130068812,0.6862216839306193,0.6673401399551964,0.6643995130068812,0.6894774233292902,0.286368010784256,0.08558006487162594,0.28266192267890455,0.4463601278141678,0.28202920750060734,0.2865852555716668,0.28476768156181154,0.44188200568898683
Functions,Ghidra,O0,0.9942204512389325,0.9949198444634482,0.9945261578657044,0.9943692132520595,0.9942598544400415,0.9945284550309628,0.9946458718607083,0.9777585863018399,0.9711325748590921,0.9800787607409294,0.9971053248538001,0.9972852385306687,0.9972711641911426,0.9943371294926217,0.9951127030243829,0.9944821249819468,0.9948216617137752,0.9943809869793153,0.9949884952139422,0.9943809869793153,0.9952638085182761,0.9947061778652776,0.9947319939008761,0.995054544440728,0.9948198573175869,0.9950250468279423,0.9997463039215295,0.9977520650872589,0.9977520650872589,0.9977520650872589,0.9955165958542453,0.9955165958542453,0.9955165958542453,0.9955165958542453,0.9952364838094275,0.9953182126771389,0.9951681637984964,0.9953693527464761,0.9955165958542453,0.9949994375163456,0.9951084325889393,0.9955165958542453,0.9956949339538659,0.9956949339538659,0.9956949339538659,0.9951847298722332,0.9951847298722332,0.9956949339538659,0.9956949339538659,0.9953580067301463,0.9956949339538659,0.9956949339538659,0.9956949339538659,0.9956949339538659,0.9955797423915095,0.9951694374244523,0.9951821582553702,0.995177327904588,0.9955165958542453,0.995177327904588,0.9951694374244523,0.9952500151813508,0.9951084325889393,0.9951694374244523,0.9952500151813508,0.995177327904588,0.9993893773869793,0.9999617298124761,0.9994078811025254,0.9993893773869793,0.9993893773869793,0.9993893773869793,0.9993893773869793,0.9993893773869793
Functions,Ghidra,O1,0.9907825651808332,0.9920331407081941,0.9901883662049764,0.9909806790521084,0.9915647538282875,0.9913986585236392,0.991372481959755,0.9839982167720638,0.9831537099563116,0.9764072209279211,0.9893838805634497,0.9923780671846236,0.9973734113727988,0.992240932097304,0.9914947904863952,0.9920005848196072,0.9928578910511916,0.9915866773575042,0.9913017770726038,0.9915866773575042,0.9934423169551965,0.9842789003228662,0.9934899774590454,0.992348056872507,0.9928165520117971,0.9929893057056777,0.999541560916717,0.9891707588724217,0.9909376571038087,0.995099952471694,0.969754071172835,0.9688087058961108,0.9543106156221393,0.9304992042647031,0.962500345921682,0.9539771707875566,0.956785086329346,0.9434456905488103,0.9457178545942125,0.9428334473290589,0.9606993302112803,0.913945389905102,0.9408780178724618,0.9550749578737174,0.9526848764189332,0.950547018890644,0.9080404571238548,0.9391736798825371,0.9671384451848345,0.9660514049681433,0.9215385099123024,0.9564862771208231,0.9237963582672173,0.9189373736126188,0.9920341065375478,0.9920700939419563,0.9922449964892381,0.9921500305659078,0.992362487058522,0.9921680242681121,0.9920700939419563,0.9923483965360482,0.9920439498978795,0.9920700939419563,0.9923483965360482,0.9921500305659078,0.980011580277039,0.9998364987507653,0.9955795133097018,0.9949184497981552,0.9960114488485701,0.980011580277039,0.9788133764770035,0.9970544104636739
Functions,Ghidra,O2,0.9819366223259922,0.9872537655406446,0.9850479223203782,0.9862933103565773,0.98796233564674,0.9869636272173131,0.9888417875395987,0.9768117637800227,0.9814010851595514,0.9803427329685085,0.9925291343975111,0.9928190126667015,0.9926336669724719,0.9868247948260734,0.9862775438224693,0.9874555429826218,0.9883981537448722,0.9858874716917116,0.9822007558473246,0.9858874716917116,0.9872867728077888,0.9880034120737282,0.9890710754376482,0.988660468125868,0.9884513511243326,0.9885320251402822,0.9945185692304888,0.9776978582531706,0.9856644788441874,0.9912646237119583,0.9876285613399999,0.9872306409314194,0.9781089130460268,0.9853008063224327,0.9867957576744686,0.9873868982731515,0.9879472727280775,0.9863931610384505,0.9872172695988343,0.9866127201929009,0.9865820196623996,0.987614808155074,0.9949071072438757,0.9920115114737776,0.9922798009984137,0.9916011170871707,0.9839493910216516,0.9917588957759161,0.9919002518918266,0.9926025676714093,0.9909735904208344,0.9921266578794032,0.991440037827407,0.9925772937463809,0.9864692600743892,0.9867508379172163,0.9865520768007335,0.9864453330437586,0.986980885293428,0.9859294757045497,0.9867508379172163,0.9867313824433904,0.9862621618686742,0.9867508379172163,0.9867313824433904,0.9864453330437586,0.9525407951204684,0.9993732821808015,0.9585606883692469,0.9927968724657328,0.9502217677592576,0.9525407951204684,0.9535935831935343,0.9930482173815101
Functions,Ghidra,O3,0.9814247151647864,0.9881179486254776,0.9869420471446175,0.98584947324236,0.9874380389711689,0.9883371249715188,0.9872499579033119,0.9796889972327585,0.9807702154584796,0.9791238646916862,0.9905253872687865,0.9929404525551326,0.9879948048732281,0.9876511927974838,0.9869213542603497,0.9861835251019483,0.9770166285912566,0.9864424876242021,0.9798590724072188,0.9864424876242021,0.9810723608563353,0.9798721862276523,0.9880163246189569,0.988957262847856,0.988307592279201,0.988957262847856,0.9926991014191643,0.9776980297134007,0.9857376214955148,0.9911325429150448,0.9865206353918443,0.986567511137543,0.9777980599069918,0.9852286567637242,0.9868713606000423,0.9872793980623791,0.9876003809239416,0.9876201227350764,0.9874364407720952,0.9863694016290209,0.9865244283437049,0.9872326421813625,0.9952764190520533,0.9926802795769449,0.9924181085039995,0.9916260847639049,0.9840489430199448,0.9918783547155854,0.9921857396709916,0.9925885779389592,0.9910879269701567,0.9925131374302518,0.9800442621176285,0.9931290496703151,0.9882237633098464,0.98833915583325,0.9887081724345599,0.98717261246107,0.9888251456774622,0.986958839365941,0.98833915583325,0.9888607646989577,0.9869968948235505,0.98833915583325,0.9888607646989577,0.98717261246107,0.9525407951204684,0.9993732821808015,0.9585606883692469,0.9920795123509549,0.9502217677592576,0.9525407951204684,0.9543874229966619,0.9930482173815101
Functions,Ghidra,Os,0.9849064954066442,0.9866740134956589,0.9853955125631974,0.9862970739880205,0.988223729365587,0.9875212111535395,0.9885257448118202,0.9257861723411299,0.9488465090044194,0.9578469241915902,0.9935987477358418,0.993051556582331,0.9938061108140999,0.985998164568675,0.9864278611535374,0.9861241675741971,0.9881439992017911,0.9865899844631402,0.9863017696673251,0.9865899844631402,0.9893200572488633,0.9863334631633481,0.9872853060977604,0.9894250048681325,0.9888846644536713,0.98925394773505,0.9994537037413607,0.9863673825845944,0.9914772753909665,0.9909309199409374,0.9848484535050317,0.9862645614026313,0.9859983799188794,0.9846692805881694,0.9850795681453088,0.9854250490244437,0.9835922992017514,0.9857418976920058,0.9853822870857719,0.9858210688083682,0.9858851905176094,0.9850112909075968,0.9795651811261906,0.9903108295724262,0.9903042984366012,0.9897197603340059,0.9888167897237661,0.9899212206158587,0.9909481228851716,0.9873425307228902,0.9864977317454711,0.990015237552162,0.9891450761896994,0.9889951066575583,0.9886086941192757,0.9887454046712612,0.988201247454338,0.9890409129454929,0.988886559606697,0.9882703750309566,0.9887454046712612,0.9883651190174721,0.988886559606697,0.9887454046712612,0.9883651190174721,0.9890409129454929,0.9930254665708214,0.9994585847279644,0.9914295286012584,0.9941969998260036,0.9910278863734402,0.9930254665708214,0.989600155793747,0.9941969998260036
Functions,Ida,O0,0.9739904023273874,0.9768948175807897,0.9768948175807897,0.9768948175807897,0.9768948175807897,0.9768948175807897,0.9767564766915461,0.8951103672471853,0.8792587972967988,0.8883374988763266,0.9865918061965205,0.9864771292309557,0.9866465706743393,0.9762974758054236,0.9770932613009481,0.9766264362556569,0.9766665092351035,0.9766665092351035,0.9766665092351035,0.9766665092351035,0.8951384079038405,0.9111648966511258,0.9013081633094966,0.9183244975949505,0.9074445172773166,0.9169153908311498,0.9952725228077689,0.8929646237146894,0.5097870213244712,0.9782158265623422,0.9513422419043891,0.9566744067117451,0.9550856662455863,0.975884652026245,0.9607584681335634,0.9759596563472521,0.9539635736204679,0.9606147080502455,0.9758540146059642,0.9534928934876059,0.953341403700326,0.9756101040675335,0.9447428529445663,0.9521757462527444,0.9540000972288005,0.9741578327748266,0.9619571011276239,0.9741578327748266,0.9600084175437683,0.9450044731644314,0.9741578327748266,0.952366126711073,0.9520792164416774,0.9741578327748266,0.9765034743952284,0.9765034743952284,0.9762386200735843,0.9765034743952284,0.9763399267833185,0.9765034743952284,0.9765034743952284,0.9764035945405609,0.9763399267833185,0.9765034743952284,0.9764035945405609,0.9765034743952284,0.8977036479046304,0.9946835506813965,0.9482130268068031,0.9738511587789345,0.294576477339937,0.8983808918875724,0.8892227002301519,0.9738511587789345
Functions,Ida,O1,0.9653540676495401,0.9686107922340778,0.9670653309146475,0.9698142679780533,0.9695657273180002,0.9676333346598536,0.9704946430989352,0.8898398454814203,0.8761480781832672,0.879447239710901,0.9354898156126866,0.9302549541725545,0.9581295300003596,0.968038463695571,0.9677093997622954,0.9701192861269935,0.9702903117050748,0.9670055455628163,0.9679346037305866,0.9671748577321284,0.8702577056223781,0.893998062948919,0.8907892179414173,0.9704559095662094,0.9660646117155597,0.9718149251570256,0.9945975395868483,0.9671206827796995,0.34592006383297036,0.9705559229238555,0.8050355788409133,0.8057564226970678,0.7960951707004067,0.7728142381866815,0.8007463617177695,0.7866591155983756,0.7987767322256265,0.7773465429561007,0.7812264452874573,0.7756808096843283,0.7871976745827977,0.7531196769489508,0.7718849182982307,0.7868959763244076,0.7766938891279592,0.7796096315178963,0.7475417567532393,0.7695107245896446,0.7955307995751644,0.7899979781538705,0.7508753848102964,0.7700468921199114,0.7404833269384044,0.7347123122360566,0.9674791600369894,0.967322541722849,0.9682834930280119,0.9688655906485741,0.9659727181042825,0.9692218450598113,0.9671892826784394,0.9682964705707897,0.9687816567045756,0.9671892826784394,0.9685436077146259,0.9684681673408728,0.8790307821541715,0.9943060451125815,0.9265786015602551,0.9647362187829361,0.2710137214243995,0.8795747221103651,0.8874502850327137,0.964601282600105
Functions,Ida,O2,0.9534996927896717,0.9523017797923389,0.9524604786728845,0.951534567446365,0.9585079458727095,0.9578986341885702,0.9623981738056593,0.8829025081913822,0.8801460170668176,0.8761786117333457,0.8903161691868321,0.8863463561363059,0.9151710634823069,0.9551058149665191,0.9526424668479634,0.957601190340583,0.9438933244246115,0.9554882311199885,0.9570377767090056,0.9554882311199885,0.8663669260685489,0.8945622381366792,0.8719386202867544,0.9518405812210027,0.9526473162217696,0.9536964776312372,0.9894274427106969,0.9557269299750192,0.507705711318015,0.963326389737073,0.8605831717795653,0.8608890675047175,0.8607441114068813,0.8667040928184451,0.8627801699366792,0.8638166394993217,0.8540944921333834,0.8642496348620291,0.8606763486268394,0.83255583384968,0.8483935691030704,0.8491491064524391,0.8487581133104019,0.8502820277904667,0.8517581515181901,0.8583968150036131,0.8495959400690526,0.8577085182726834,0.8516197050506216,0.8606028432397866,0.8548008147468248,0.830316036384881,0.8369776278622054,0.8298947430509481,0.9543241253206289,0.9550853803025452,0.9539617752098577,0.9552496530587973,0.9536801995468027,0.9546719725947936,0.9550853803025452,0.9543570389720869,0.9548664516490911,0.9550853803025452,0.9543570389720869,0.9552496530587973,0.9136300592919173,0.9869703973411685,0.9110679386955483,0.9641548318077149,0.33526219759547415,0.867012673765407,0.8626789941088904,0.9470603942833963
Functions,Ida,O3,0.9524311551793058,0.9534523383304232,0.9516169346599019,0.9514004060153695,0.9591264968576922,0.9580393547814943,0.9596965001899991,0.8803488962545963,0.8783523625094424,0.8787064433754743,0.881502731883905,0.8752552518295923,0.9032388412386804,0.954667300369904,0.951872231382624,0.9594590852852659,0.9388207744681605,0.9544728314939749,0.955567735662228,0.9544728314939749,0.8547539597839902,0.8812335906112083,0.8606609153201424,0.9458657146615915,0.9467661599948576,0.9481108017484224,0.9721040227116335,0.9533681125536319,0.5110144886812976,0.9626899394706305,0.8557780085777652,0.8559594361788099,0.8591081733549497,0.8688206153985383,0.8617626984285414,0.8611732961382824,0.8512060736024629,0.8656737392796446,0.85829162752379,0.8386778685961537,0.8425214160479876,0.851177464734749,0.8477214542216587,0.8494055729828759,0.8512456196940406,0.8540560335214659,0.847551532475557,0.8566821965052358,0.848223010829047,0.8599982386958899,0.8533779499962045,0.8337916810233861,0.8277194383391961,0.8307152347487264,0.9542541684797372,0.953701476503878,0.9533093470929841,0.9544834134483948,0.9525418864987647,0.9542189980896398,0.953701476503878,0.9536753310087918,0.9541284991550475,0.953701476503878,0.9536753310087918,0.9544834134483948,0.9136300592919173,0.9932869975610137,0.9097375614704342,0.9634383913853921,0.33498557255963674,0.867012673765407,0.9238751313750765,0.9470603942833963
Functions,Ida,Os,0.9633278982784217,0.9680411248326948,0.967762323366815,0.9676768134323149,0.9689589246352626,0.9693797730937029,0.9703887973555125,0.8601528740027635,0.8577233919693651,0.8727365684148464,0.9211478016918752,0.920163016221368,0.9330303344899727,0.9668982696342788,0.9669637915072041,0.967373168390672,0.9697219905428489,0.9672678683109698,0.9674131687724057,0.9672678683109698,0.8713986660641214,0.903306662756177,0.8738364897796858,0.9688658029090955,0.9681544555689873,0.9675465671181813,0.9924725155677008,0.9660040120820995,0.5774014688572064,0.9690396293861148,0.8731084576355947,0.8735608327798203,0.8769509949504566,0.8729037015567593,0.8773372173557483,0.8723824282695639,0.8661428043047201,0.8748929073083509,0.8824319255735371,0.843494255218651,0.8649055332177484,0.8541180464017071,0.8450009045681373,0.8560165246639818,0.8582227358696326,0.864042233192837,0.8675890912385289,0.8713755758045902,0.8606362266445593,0.8638210172456675,0.8613767240924269,0.82578346762082,0.8315803897469368,0.8373893997849816,0.9674304988842573,0.9676573591383407,0.9670977675530974,0.9676573591383407,0.9674185137090866,0.9672593737131321,0.9676573591383407,0.9673410677900736,0.9674185137090866,0.9676573591383407,0.9673410677900736,0.9676573591383407,0.9682665636820574,0.986635061619207,0.9425462281539069,0.9685564757316462,0.25042689033988397,0.9682665636820574,0.9647315593805857,0.9685564757316462
Functions,Ninja,O0,0.9920917950499177,0.9911884897170663,0.992479855065268,0.991372662077112,0.9923715940287469,0.9919953270833387,0.9927309894001496,0.9710018377366759,0.964963694519837,0.9642277792751188,0.9811520769611015,0.9811229977518204,0.9814377798232368,0.9918081141551219,0.9923312202369262,0.9920336459349239,0.9904160090738748,0.9910007350193887,0.9925587416974427,0.9910007350193887,0.9592351598522164,0.9628632830177769,0.9578339269373809,0.9856232397649747,0.9850678736421783,0.9883548749126455,0.9757677920143261,0.9539309439998647,0.9390921088580011,0.5798531842149901,0.3895146217087389,0.382973264989487,0.39166640227087707,0.3923144910108502,0.3951389205405355,0.38898879118659285,0.3994021264248342,0.39808158834587914,0.392019789409506,0.385102508529265,0.380884570117751,0.40098579006110935,0.6799189197744856,0.6774073640416456,0.6793702884675478,0.679959076134802,0.6763925314914315,0.6859419089590325,0.6780816764660103,0.6812652882310946,0.681192475703203,0.6839443500022717,0.6842552666830378,0.6869302519004606,0.9903412766476646,0.9897172488651361,0.9911741459462149,0.9899778281489543,0.9914515056082268,0.9897997043019883,0.9897172488651361,0.9896676160922654,0.9913544111042737,0.9897172488651361,0.9896676160922654,0.9899778281489543,0.8903317530044361,0.9938204806657356,0.9549225156480661,0.985817433839734,0.9488129529369531,0.8903317530044361,0.8934309437572295,0.9869236974081037
Functions,Ninja,O1,0.9891233896362519,0.9858382785279731,0.9845076223129618,0.9844150140002356,0.986511117617641,0.9858604819523915,0.9879497684886699,0.9732169756474269,0.9678273979976761,0.9692574392424899,0.9658363973128252,0.9750452052196387,0.9920458061734905,0.9871677510254111,0.9863976341194213,0.9882815200239908,0.9768415362308926,0.9855081439687644,0.985391761909317,0.9855081439687644,0.9498098316796949,0.9499649266798691,0.9589108202376749,0.9789668293249251,0.9799373871365319,0.985916502143979,0.9863641811343818,0.9835387782333288,0.9154778255300167,0.8607624117850571,0.3453650197180731,0.34672812889998517,0.3497787687036471,0.3422737835314683,0.34625076830216805,0.34302215037293454,0.34219650056177087,0.3296409015934414,0.34536186352027815,0.3324857007174037,0.3390712261624276,0.3351007599377036,0.6204509782783861,0.6446288362259411,0.6370568064126099,0.6479708853493322,0.6189954752908198,0.6375023543594002,0.6471218314810376,0.6637918773687359,0.6263130977003376,0.6591279550406369,0.6376768375286026,0.6452072544029919,0.9859217203558848,0.985422720868963,0.9859646563039338,0.986599357962821,0.9836541299287249,0.9865313039606031,0.985422720868963,0.9859401540082412,0.9868405655028593,0.985422720868963,0.9859401540082412,0.986599357962821,0.6792495686915933,0.9962052351631627,0.8920576970704889,0.9810098021435822,0.6669375424522193,0.6791805587541623,0.698688656240309,0.9793529399331943
Functions,Ninja,O2,0.9393797385958507,0.9398579286315967,0.944343028878522,0.946704245906068,0.9477566902268886,0.9485499852306494,0.9504497903994772,0.9265560883398349,0.9265329123654845,0.9282336241356592,0.9397148065021019,0.945740160299697,0.9593427104977256,0.944469904245429,0.9446365057441546,0.9469426209596347,0.9289894319328755,0.9430665090324354,0.9438144618389274,0.9430665090324354,0.9013030626015535,0.9119937446688842,0.9099733475629971,0.9433684887326801,0.9457972132498073,0.9478460954341582,0.9731115743198254,0.9416127485013038,0.8832965139232799,0.7842627245824653,0.3343546140818592,0.34977919025523113,0.33554207982134154,0.34785671191876266,0.3325230814326591,0.3423722178302342,0.3389119555716244,0.3406855919814642,0.3395573251628764,0.34113609060297034,0.3349870823140379,0.33347185266597085,0.6351393252695738,0.649915546855094,0.648328207359162,0.6554724636508844,0.6441235012158737,0.6475679795877993,0.6420284757841576,0.6582107153711332,0.6459014325975155,0.643033624937103,0.6418228403974453,0.6379868925512819,0.943518010721448,0.9430306531118945,0.94344208086347,0.9435380074722439,0.9438258181422117,0.9444833824849744,0.9430306531118945,0.9435612658170364,0.9440035088017215,0.9430306531118945,0.9435612658170364,0.9435380074722439,0.7658925908101963,0.9757356719997405,0.8785580715857313,0.9416806434438145,0.7584115458817606,0.7688652054186987,0.7524989512041175,0.9401933559306306
Functions,Ninja,O3,0.9400991541257837,0.9396474412620923,0.9435617943914073,0.9447086903029046,0.9459423959448874,0.947988267626309,0.9482380254174182,0.9265676435331377,0.9229897170652198,0.9253602360485188,0.9325257881907902,0.9355749339379279,0.9471302355867958,0.9444734717252521,0.9434674000560388,0.9461030354736977,0.9303333973786275,0.9430887580208012,0.9440156038701157,0.9430887580208012,0.8930769726915462,0.9017213185847742,0.9069408416484182,0.9404229613007197,0.9444010949381001,0.9457985658129633,0.9727485710452659,0.9422069034857758,0.8817625634420879,0.773277975981801,0.33406765586011045,0.3417443987723585,0.3353959295052463,0.3462311342556203,0.33010234430472785,0.337236311049171,0.3348673003090439,0.3364854311270109,0.332960308660264,0.34594980231292005,0.33032001034920433,0.3300014806618561,0.6314316330017421,0.6522602997028367,0.6485439775826466,0.6502771081637599,0.6423761608271372,0.6463967237614342,0.6424130271661783,0.6582257759726221,0.643748777813558,0.6452847325802177,0.6352599095843111,0.6376900254816991,0.9434326688639946,0.9422439966153696,0.9431250794271914,0.9435185284981071,0.9436940225149372,0.9440915596642439,0.9422439966153696,0.9431287435756767,0.94421252008223,0.9422439966153696,0.9431287435756767,0.9435185284981071,0.7658925908101963,0.9655839936347216,0.8785580715857313,0.9418286839932715,0.7593028114789085,0.7688652054186987,0.749612595480441,0.9404446234857076
Functions,Ninja,Os,0.9558660956773218,0.944561841469795,0.9444226790096093,0.9506214592180476,0.9518516057492563,0.9508380119740546,0.957759702051642,0.8846919335720437,0.895456239152219,0.917501822001603,0.9561999032034877,0.9591244787894635,0.9708863825227603,0.9418648895844286,0.9441352842392134,0.9494017381252685,0.939196757755242,0.9451905041005995,0.945398736514067,0.9456502742155419,0.9120527019697752,0.9194800811831406,0.9136171142939931,0.9475062585958338,0.9481361390153498,0.9543863998090881,0.9781410135146494,0.9461237304710848,0.8901304120037933,0.7159268702383598,0.33948440790371975,0.34463876379354597,0.33696098573635885,0.35254339903755744,0.34992618178890844,0.34075854018582213,0.33991776841955773,0.3427435437774912,0.3459468966980289,0.33952044318638397,0.35137429334627385,0.3306738590197601,0.6277172120885672,0.6471072023438188,0.6468399505099273,0.6544785220102587,0.6540731626128904,0.6714733446168082,0.6485070226961404,0.653036667017688,0.6586199383218825,0.6421222833639098,0.6367281034229347,0.6443183412183251,0.9421545728945576,0.944021863070537,0.94254953004474,0.9507875320794172,0.9425643477173564,0.9503956285601599,0.944021863070537,0.9429265778176875,0.9509228991426731,0.944021863070537,0.9429265778176875,0.9507875320794172,0.8635405758129162,0.9820783149893086,0.9019352466793287,0.943129055093065,0.8658028764471613,0.8653895088230451,0.8614065220634571,0.9415400375046674
Functions,Objdump,O0,0.0,0.0,0.0,0.0,0.0,0.0,0.0,0.0,0.0,0.0,0.0,0.0,0.0,0.0,0.0,0.0,0.0,0.0,0.0,0.0,0.0,0.0,0.0,0.0,0.0,0.0,0.0,0.0,0.0,0.0,0.0,0.0,0.0,0.0,0.0,0.0,0.0,0.0,0.0,0.0,0.0,0.0,0.0,0.0,0.0,0.0,0.0,0.0,0.0,0.0,0.0,0.0,0.0,0.0,0.0,0.0,0.0,0.0,0.0,0.0,0.0,0.0,0.0,0.0,0.0,0.0,0.0,0.0,0.0,0.0,0.0,0.0,0.0,0.0
Functions,Objdump,O1,0.0,0.0,0.0,0.0,0.0,0.0,0.0,0.0,0.0,0.0,0.0,0.0,0.0,0.0,0.0,0.0,0.0,0.0,0.0,0.0,0.0,0.0,0.0,0.0,0.0,0.0,0.0,0.0,0.0,0.0,0.0,0.0,0.0,0.0,0.0,0.0,0.0,0.0,0.0,0.0,0.0,0.0,0.0,0.0,0.0,0.0,0.0,0.0,0.0,0.0,0.0,0.0,0.0,0.0,0.0,0.0,0.0,0.0,0.0,0.0,0.0,0.0,0.0,0.0,0.0,0.0,0.0,0.0,0.0,0.0,0.0,0.0,0.0,0.0
Functions,Objdump,O2,0.0,0.0,0.0,0.0,0.0,0.0,0.0,0.0,0.0,0.0,0.0,0.0,0.0,0.0,0.0,0.0,0.0,0.0,0.0,0.0,0.0,0.0,0.0,0.0,0.0,0.0,0.0,0.0,0.0,0.0,0.0,0.0,0.0,0.0,0.0,0.0,0.0,0.0,0.0,0.0,0.0,0.0,0.0,0.0,0.0,0.0,0.0,0.0,0.0,0.0,0.0,0.0,0.0,0.0,0.0,0.0,0.0,0.0,0.0,0.0,0.0,0.0,0.0,0.0,0.0,0.0,0.0,0.0,0.0,0.0,0.0,0.0,0.0,0.0
Functions,Objdump,O3,0.0,0.0,0.0,0.0,0.0,0.0,0.0,0.0,0.0,0.0,0.0,0.0,0.0,0.0,0.0,0.0,0.0,0.0,0.0,0.0,0.0,0.0,0.0,0.0,0.0,0.0,0.0,0.0,0.0,0.0,0.0,0.0,0.0,0.0,0.0,0.0,0.0,0.0,0.0,0.0,0.0,0.0,0.0,0.0,0.0,0.0,0.0,0.0,0.0,0.0,0.0,0.0,0.0,0.0,0.0,0.0,0.0,0.0,0.0,0.0,0.0,0.0,0.0,0.0,0.0,0.0,0.0,0.0,0.0,0.0,0.0,0.0,0.0,0.0
Functions,Objdump,Os,0.0,0.0,0.0,0.0,0.0,0.0,0.0,0.0,0.0,0.0,0.0,0.0,0.0,0.0,0.0,0.0,0.0,0.0,0.0,0.0,0.0,0.0,0.0,0.0,0.0,0.0,0.0,0.0,0.0,0.0,0.0,0.0,0.0,0.0,0.0,0.0,0.0,0.0,0.0,0.0,0.0,0.0,0.0,0.0,0.0,0.0,0.0,0.0,0.0,0.0,0.0,0.0,0.0,0.0,0.0,0.0,0.0,0.0,0.0,0.0,0.0,0.0,0.0,0.0,0.0,0.0,0.0,0.0,0.0,0.0,0.0,0.0,0.0,0.0
Functions,Radare,O0,0.9456997266124342,0.8943573783190337,0.893189162150569,0.9342987681679855,0.9236716552901919,0.931552743196561,0.9532439088908283,0.8685191459173166,0.8677535380117979,0.9175602288920957,0.9549298018781182,0.9538556020527134,0.9646327051987615,0.8932702912474081,0.8988931140825548,0.9358730355029272,0.829168638397266,0.8905320435210776,0.8908466676765796,0.8905320435210776,0.8984593244067228,0.8956540833437879,0.9336134258838893,0.8796152883905113,0.8815607857641841,0.9216247772981215,0.5228559639821403,0.9104986960670495,0.9081470639395511,0.9102546342143459,0.8890678451008823,0.8912877472702803,0.8917101217489171,0.9225033544513351,0.8875956127374955,0.9240529221962883,0.889448695112761,0.8846153473895835,0.9264948058181801,0.89972320441013,0.899419685873559,0.9127891630488275,0.880009643239892,0.8847956548930052,0.8904358519453831,0.9183650483166295,0.8820448560483664,0.9186449462995103,0.8765022674252707,0.8778696581757142,0.9242353816916925,0.874350524772813,0.8759227158884474,0.9158142338301161,0.8893406907521296,0.8869368230423379,0.88352235766929,0.9291089182588739,0.8862245646643174,0.9289661594241456,0.8869368230423379,0.884293473828008,0.9284446205754642,0.8869368230423379,0.884293473828008,0.9291089182588739,0.8845199092016788,0.49698339864108415,0.8910818196028357,0.8825913942952086,0.8829056268466624,0.8810047725522842,0.8816732539929448,0.8853432939438011
Functions,Radare,O1,0.9192719893801035,0.8757260448834348,0.8758398210614459,0.9034220749314573,0.9126880243831509,0.9085877221572115,0.9381451118442214,0.8665638217958261,0.8664502063846343,0.8997564748475585,0.8355075895313343,0.8331068845530808,0.8877646653507139,0.8731792590041387,0.8724357843801978,0.9017691037759276,0.7517140396386901,0.869916768990795,0.8696353430996131,0.869916768990795,0.8706662173240646,0.8616234456228837,0.9025810544709839,0.8643301974310698,0.8625613298311083,0.8898194213704959,0.21851153611098,0.8987701997896915,0.9062923763729691,0.8991119037222782,0.8421671669581672,0.8381578703898318,0.8208261518671515,0.8347111803140849,0.8317237835994594,0.8475108572189672,0.8302707108734275,0.8202363507933019,0.848625546973194,0.8149419500321448,0.8201793628692903,0.7819713156092555,0.8133419717388226,0.8174704662102179,0.8082408019348764,0.843312840505143,0.7718659675538361,0.8355321065648975,0.8264824353758666,0.8124093461274241,0.8151489358660271,0.8164155129529869,0.7716489934800251,0.7669199147791467,0.868446750922389,0.8685314070070452,0.8679558043381108,0.8989034647907588,0.8680548992065588,0.8989276596376145,0.8685314070070452,0.8687968533837176,0.8982244232018112,0.8685314070070452,0.8687968533837176,0.8989034647907588,0.882668758342287,0.2183981916593945,0.8841688393736683,0.8770094233185859,0.8839983187686686,0.882668758342287,0.8842680125197113,0.8770094233185859
Functions,Radare,O2,0.8873145671860629,0.8486516360746252,0.8495823523108494,0.87846784597528,0.8867460029026967,0.8823947190974317,0.9124557135834586,0.8362418714964815,0.8406542324593332,0.8708684317626719,0.7481948789641711,0.7458022416358084,0.7795369231705188,0.8457871198567304,0.8449960079164386,0.874526005030141,0.7280903325466548,0.8413964732849439,0.8414344977063296,0.8413964732849439,0.827858035410989,0.8197998900414972,0.8527914138029862,0.8382900309060851,0.8364862731283366,0.8621898880180292,0.21569468902539846,0.8710767173450795,0.8766802369597074,0.8696988691322614,0.8311014430546134,0.8316542012463416,0.8183137307093731,0.8550271096981831,0.8265567105775485,0.8496946156767181,0.8360336609215795,0.8300900540470377,0.8613061699745617,0.8251173046231727,0.8215032204488939,0.8224547717502241,0.8225857830791876,0.8136493965917456,0.8087034230221803,0.8395166890804278,0.797657042331326,0.848742006045716,0.8135659662617322,0.8097481302383931,0.8414739872037437,0.814365861153035,0.7916420093499078,0.8058506594975432,0.8410668383768278,0.8413660962313954,0.8406273766915032,0.8715621922575161,0.8406556151386357,0.8714226952400795,0.8413660962313954,0.8415827543590084,0.8707585126561499,0.8413660962313954,0.8415827543590084,0.8715621922575161,0.8496303297506062,0.21613850186996814,0.8535327032853627,0.8492454818469183,0.8533206649871958,0.8496303297506062,0.8515287152481945,0.8465713737565004
Functions,Radare,O3,0.8841880543791533,0.8465928520460447,0.8474856835969968,0.8749096247271186,0.8815324185482398,0.8726707786758224,0.902062441694406,0.8341523513772926,0.8370860383157434,0.8669205967133315,0.6478755462448642,0.6368097522814682,0.6736853718941075,0.8427688686031726,0.8396624755940695,0.8706051444105303,0.7274674126608912,0.8375248077552224,0.836907632678513,0.8375248077552224,0.804547189732578,0.7971544876557265,0.837430925364192,0.821019707412859,0.8200278536283253,0.846222256575885,0.20907474679997537,0.8704682239155279,0.877051164064424,0.8685747123856924,0.8305607444254188,0.8294629603140012,0.8141323301359303,0.853837652069294,0.8228330048224708,0.8486051322218168,0.8337584801407434,0.8282903705039035,0.8589297022753065,0.8225639604539073,0.819870803123936,0.8209103655272071,0.822068310517831,0.8130403253583045,0.8085855181597067,0.8381072122632451,0.7985313733505696,0.8482826501787413,0.8135608574350691,0.8099589704737513,0.8410155448901778,0.8099689881834025,0.7831116167097493,0.8020520401257876,0.837636488168366,0.8377548246659142,0.8372807957167784,0.8687876461084209,0.8374007532622384,0.8685692458900207,0.8377548246659142,0.8380420960621814,0.8681317691144724,0.8377548246659142,0.8380420960621814,0.8687876461084209,0.8496303297506062,0.21613850186996814,0.8535327032853627,0.8485388929050353,0.8533206649871958,0.8496303297506062,0.8507872421883824,0.8465713737565004
Functions,Radare,Os,0.8882577879935176,0.8489651994874028,0.8493397792023165,0.8785926468735848,0.8879833154092838,0.8835844889237573,0.912695139385335,0.795343830577207,0.8108861921428507,0.8544144619247263,0.830758874075381,0.8258077488118445,0.8757275238061916,0.845833473158476,0.8456612784524975,0.8743622078998154,0.7306319261362042,0.8428860425910375,0.842894313580527,0.8428860425910375,0.8489360367482495,0.8440925284737774,0.8763644124497705,0.8562243371684123,0.8558953987997174,0.8814216819280977,0.22151584258877072,0.8726196181029409,0.8825726052383379,0.872241970663761,0.8325522706723241,0.830715446675937,0.8258512354004158,0.8513038005031961,0.8269676032896937,0.8512020191372136,0.834050374636589,0.8286551477674869,0.8600481530939897,0.8257102210161115,0.8160552323605961,0.8264556600276016,0.8128758053621874,0.8165139662767026,0.8109160084066549,0.8419195824028183,0.8055328575056856,0.843241420559008,0.8157478780482809,0.802013900286705,0.8478111497796295,0.8145849540585096,0.7953840683836471,0.7968678579495029,0.8429093771724111,0.8428422487433151,0.8414033839868439,0.8731069620385262,0.842077676703921,0.8725476397440441,0.8428422487433151,0.8424676812493217,0.8722284140254387,0.8428422487433151,0.8424676812493217,0.8731069620385262,0.8583759162101631,0.2179655851111892,0.8589444371365003,0.851817630505451,0.8580204692400868,0.8583759162101631,0.858745851362707,0.851817630505451
JumpTable,Angr,O0,0.2604098229098229,0.21546330292502733,0.20352144050774187,0.23010399221494393,0.2370984844396464,0.22123801295340362,0.23257872422019799,0.253158380081457,0.2537017524401065,0.2555956495611668,0.1466683958269636,0.14589035034303577,0.14444614740534292,0.23595866280499989,0.25004868237447153,0.2482248188734893,0.3074441280323633,0.2604098229098229,0.2604098229098229,0.2604098229098229,0.06087101940062203,0.050165188347006534,0.0584321315938963,0.25790370208178426,0.25790370208178426,0.2577022516385933,0.20646057977157686,0.3206431706431706,0.3240858990858991,0.7898228120597148,0.3177662771647734,0.31471703517143207,0.31369543155257446,0.3021129663986807,0.3155223301441789,0.3172953983458185,0.31950588282338377,0.31639074399395917,0.3178820344233878,0.3167453181738896,0.3130341190900197,0.3101257472686044,0.3170207716260348,0.33527473988000306,0.31617043148998036,0.3353881185648103,0.33527473988000306,0.3170207716260348,0.31473231238268834,0.3166960963013595,0.33559941520467834,0.3341991341991342,0.33522497704315884,0.2992653810835629,0.26202338350225673,0.26181625839869416,0.26576657469514614,0.26202338350225673,0.26576657469514614,0.26202338350225673,0.26181625839869416,0.26202338350225673,0.26576657469514614,0.26181625839869416,0.26202338350225673,0.26202338350225673,0.8696429056172704,0.8503822264691829,0.8756955932892733,0.8251629776132298,0.854761953236318,0.8696429056172704,0.8696429056172704,0.8893811197828022
JumpTable,Angr,O1,0.2427854910443933,0.24780775446025527,0.2450034622876487,0.24471709537387568,0.24118319857921025,0.24410444650075988,0.2325023463760249,0.2661931818181818,0.24571825563976546,0.26077591254061844,0.17675812020945955,0.17675812020945955,0.043486698736963,0.24690605652508202,0.24533942841811443,0.24575685455364601,0.3260915010915011,0.244494892753795,0.244494892753795,0.244494892753795,0.0270999115826702,0.029599254911754913,0.04463098629765296,0.2537960630214486,0.2517525202664434,0.2518979611233467,0.282178860100938,0.2660225005995696,0.34328541828541825,0.13040950947312188,0.3019770353103686,0.31944208369522714,0.3270714135245469,0.29380063574683213,0.29660071005512073,0.2901661120566838,0.32340657775042003,0.2658718312227084,0.32054260267477624,0.30018907518907517,0.322641011013104,0.30542925673360455,0.2964116130782798,0.3368558342242553,0.33311287477954143,0.3306739699928554,0.3144605394605395,0.35187534133150117,0.3185397042222791,0.3729421593198683,0.3422968731673185,0.32873208662682346,0.33067812629216137,0.3543333333333334,0.24334183047226526,0.24334183047226526,0.24663023358675534,0.2432935212935213,0.24663023358675534,0.2432935212935213,0.24334183047226526,0.24334183047226526,0.2465812715812716,0.24334183047226526,0.24334183047226526,0.2432935212935213,0.8777657096115513,0.8558821354628808,0.8749494405912835,0.8125199401015142,0.8581578664742965,0.8777657096115513,0.8763651493874617,0.5958059985986089
JumpTable,Angr,O2,0.23878801725223175,0.24870308178367764,0.24330239098900228,0.24412131879664345,0.2271295800723409,0.22137374357871253,0.22372794780019706,0.26450320512820513,0.2331377378537622,0.24299031087844974,0.15883551531651396,0.1591168791033395,0.02641645874650801,0.23692048548859693,0.2463276945475781,0.2462142649110853,0.309025234025234,0.24199314545735995,0.24182771948548235,0.24199314545735995,0.04513152925851339,0.033384869099154814,0.04089263910692482,0.25322192237776653,0.25322192237776653,0.25093279736136875,0.10036802644458147,0.26187863474439643,0.3242029255016268,0.10528183823285729,0.31868273187717633,0.267420324773266,0.314103856263944,0.32480992396958785,0.31435213788154964,0.32484139427873443,0.32162848888201,0.3121959558234068,0.33703635957157085,0.3237906573684172,0.29803609089323374,0.31555116414717865,0.34850566100566105,0.37843099360956506,0.3553230719897386,0.3776839826839826,0.3718013468013468,0.38034894398530766,0.36240031897926633,0.37840258032565727,0.42026794258373207,0.2786016004197822,0.3875420875420875,0.3367474747474748,0.24860098522167487,0.2487413360988679,0.2519604579949407,0.24842894221092218,0.25178609007863734,0.24860098522167487,0.2487413360988679,0.24860098522167487,0.25178609007863734,0.2487413360988679,0.24860098522167487,0.24842894221092218,0.8776041065087719,0.8578483245149912,0.8743184189518585,0.8164635455157079,0.8557086816721705,0.8776041065087719,0.8762035462846822,0.799232930828798
JumpTable,Angr,O3,0.24202080861342654,0.2498012608306726,0.241162861046762,0.24639506030971708,0.22849908973887262,0.22093739593739595,0.2249919989169824,0.261991341991342,0.2378993343748983,0.262191465941466,0.12585849791350617,0.05489975317921252,0.02339441440889731,0.2336708106708107,0.24247600543367134,0.24784600093524575,0.3073158323158323,0.24202080861342654,0.24507078893613413,0.24202080861342654,0.04284046124653336,0.032293123543123546,0.052034380713626,0.25643756285356417,0.25635321737448186,0.266300494226793,0.09815532231116646,0.26001747517079044,0.3231515958788686,0.10869889858789938,0.31633698092031426,0.29204826919112636,0.3139916410749744,0.3163949938949939,0.31391525141525145,0.3190373118944547,0.3184543156374143,0.31011977991144657,0.3299492945326279,0.3121556838223505,0.3006334041545309,0.30356481854929057,0.32858807858807865,0.38433425160697887,0.3733605900272567,0.36543870073281837,0.3626170798898072,0.37822773186409553,0.3627901825270246,0.3793183312414082,0.4196363636363636,0.3149652367834186,0.38006467840459934,0.34973686444274676,0.2491203616203616,0.2492970088558324,0.2525329693137912,0.2503488628488628,0.2525329693137912,0.2503488628488628,0.2492970088558324,0.2491203616203616,0.2537782993262445,0.2492970088558324,0.2491203616203616,0.2503488628488628,0.8776041065087719,0.8578483245149912,0.8743184189518585,0.8100909964961001,0.8557086816721705,0.8776041065087719,0.8643773260353902,0.7796250876915432
JumpTable,Angr,Os,0.24738847427082722,0.2366287504752328,0.23810568400351684,0.23684978684978686,0.2222123186253621,0.21329326923554429,0.20452295452295452,0.23240843507214207,0.2184723287103985,0.26294596208389315,0.16146145761963382,0.13103216469034087,0.023136301587379754,0.2256446493288599,0.2408123380259603,0.2374725124725125,0.30393650793650795,0.2507218076041606,0.2507218076041606,0.2507218076041606,0.02837432687056747,0.02957571485532012,0.0343325025143207,0.2802167272755508,0.28053847759730116,0.28053847759730116,0.26678000826607634,0.2566551923022511,0.29367962320903496,0.24467026015507534,0.28508941961416434,0.31029232205702795,0.31708448929811156,0.34510653899240856,0.31815738159021745,0.33489304812834225,0.3107274039092221,0.31394283095606346,0.30792466240227434,0.33732282210543085,0.33314732142857145,0.3150462259157911,0.36375291375291374,0.3785777353959172,0.3923082682516644,0.3880179649410419,0.3996021756021756,0.42461716524216525,0.3841845785242012,0.40723565323565325,0.3899062049062049,0.34328901551123775,0.3984966422466423,0.38209987291619946,0.25403963320629985,0.25403963320629985,0.2576176562092055,0.25403963320629985,0.2576176562092055,0.25403963320629985,0.25403963320629985,0.25403963320629985,0.2576176562092055,0.25403963320629985,0.25403963320629985,0.25403963320629985,0.8746628908070915,0.8747353221491152,0.8690794900256779,0.8419580822484634,0.872305988450189,0.8746628908070915,0.8746628908070915,0.8419580822484634
JumpTable,Bap,O0,0.7837837837837838,0.7808219178082192,0.7808219178082192,0.7808219178082192,0.7808219178082192,0.7808219178082192,0.7808219178082192,0.9038461538461539,0.8571428571428571,0.8363636363636363,0.8307692307692308,0.8307692307692308,0.8333333333333334,0.7808219178082192,0.7808219178082192,0.7808219178082192,0.7837837837837838,0.7837837837837838,0.7837837837837838,0.7837837837837838,0.8507462686567164,0.8787878787878788,0.84375,0.8356164383561644,0.8356164383561644,0.8356164383561644,0.7945205479452054,1.0,1.0,0.0,0.9714285714285714,0.9714285714285714,0.9714285714285714,0.9714285714285714,0.9714285714285714,0.9714285714285714,0.9714285714285714,0.9714285714285714,0.9714285714285714,0.9714285714285714,0.9714285714285714,0.9714285714285714,0.9285714285714286,0.9285714285714286,0.9285714285714286,0.9285714285714286,0.9285714285714286,0.9285714285714286,0.9285714285714286,0.9285714285714286,0.9285714285714286,0.9285714285714286,0.9285714285714286,0.9285714285714286,0.8028169014084507,0.8028169014084507,0.8,0.8028169014084507,0.8,0.8028169014084507,0.8028169014084507,0.8028169014084507,0.8,0.8028169014084507,0.8028169014084507,0.8028169014084507,1.0,0.0,1.0,0.0,1.0,1.0,1.0,0.0
JumpTable,Bap,O1,0.7564102564102564,0.7532467532467533,0.7532467532467533,0.7532467532467533,0.7402597402597403,0.7402597402597403,0.7402597402597403,0.8928571428571429,0.8448275862068966,0.8,0.7971014492753623,0.7971014492753623,0.8,0.7662337662337663,0.7532467532467533,0.7532467532467533,0.8205128205128205,0.7692307692307693,0.7564102564102564,0.7692307692307693,0.896551724137931,0.890625,0.9074074074074074,0.8051948051948052,0.8051948051948052,0.8051948051948052,0.987012987012987,0.7692307692307693,1.0,0.14102564102564102,1.0,1.0,1.0,1.0,1.0,1.0,1.0,0.9861111111111112,1.0,1.0,1.0,1.0,0.9814814814814815,0.9818181818181818,0.9814814814814815,1.0,0.9807692307692307,0.9811320754716981,1.0,0.9803921568627451,0.9615384615384616,1.0,1.0,1.0,0.7733333333333333,0.7733333333333333,0.7702702702702703,0.7733333333333333,0.7702702702702703,0.7733333333333333,0.7733333333333333,0.7733333333333333,0.7702702702702703,0.7733333333333333,0.7733333333333333,0.7733333333333333,1.0,0.03571428571428571,1.0,0.058823529411764705,1.0,1.0,1.0,0.029411764705882353
JumpTable,Bap,O2,0.8589743589743589,0.8831168831168831,0.8701298701298701,0.8831168831168831,0.8051948051948052,0.8051948051948052,0.8051948051948052,0.9642857142857143,0.9310344827586207,0.9016393442622951,0.8260869565217391,0.8260869565217391,0.8285714285714286,0.8947368421052632,0.8961038961038961,0.8831168831168831,0.9615384615384616,0.8846153846153846,0.8589743589743589,0.8846153846153846,0.8888888888888888,0.9206349206349206,0.8928571428571429,0.8441558441558441,0.8571428571428571,0.8441558441558441,1.0,0.8333333333333334,0.974025974025974,0.358974358974359,1.0,1.0,1.0,1.0,1.0,1.0,1.0,1.0,1.0,1.0,1.0,1.0,1.0,1.0,1.0,1.0,1.0,1.0,1.0,1.0,1.0,1.0,1.0,1.0,0.8933333333333333,0.8933333333333333,0.8918918918918919,0.8933333333333333,0.8918918918918919,0.8933333333333333,0.8933333333333333,0.8933333333333333,0.8918918918918919,0.8933333333333333,0.8933333333333333,0.8933333333333333,1.0,0.8518518518518519,1.0,0.0,1.0,1.0,1.0,0.0
JumpTable,Bap,O3,0.8701298701298701,0.9066666666666666,0.8947368421052632,0.8831168831168831,0.8026315789473685,0.8051948051948052,0.8026315789473685,0.9818181818181818,0.9285714285714286,0.9,0.8260869565217391,0.8260869565217391,0.855072463768116,0.9066666666666666,0.8947368421052632,0.8947368421052632,0.9615384615384616,0.8961038961038961,0.8701298701298701,0.8961038961038961,0.8870967741935484,0.9333333333333333,0.8490566037735849,0.8552631578947368,0.868421052631579,0.8552631578947368,1.0,0.8441558441558441,0.974025974025974,0.3717948717948718,1.0,1.0,1.0,1.0,1.0,1.0,1.0,1.0,1.0,1.0,1.0,1.0,1.0,1.0,1.0,1.0,1.0,1.0,1.0,1.0,1.0,1.0,1.0,1.0,0.918918918918919,0.918918918918919,0.9178082191780822,0.9054054054054054,0.9178082191780822,0.9054054054054054,0.918918918918919,0.918918918918919,0.9041095890410958,0.918918918918919,0.918918918918919,0.9054054054054054,1.0,0.8518518518518519,1.0,0.08823529411764706,1.0,1.0,0.11764705882352941,0.0
JumpTable,Bap,Os,0.8666666666666667,0.8648648648648649,0.8513513513513513,0.8648648648648649,0.8378378378378378,0.8513513513513513,0.8243243243243243,0.9622641509433962,0.8793103448275862,0.896551724137931,0.8484848484848485,0.8484848484848485,0.8507462686567164,0.8648648648648649,0.8648648648648649,0.8648648648648649,0.9733333333333334,0.8666666666666667,0.8666666666666667,0.8666666666666667,0.9047619047619048,0.890625,0.8787878787878788,0.8648648648648649,0.8648648648648649,0.8648648648648649,1.0,0.8533333333333334,0.9866666666666667,0.36,1.0,1.0,1.0,1.0,1.0,1.0,1.0,1.0,1.0,1.0,1.0,1.0,1.0,1.0,1.0,1.0,1.0,1.0,1.0,1.0,0.9803921568627451,1.0,1.0,1.0,0.8888888888888888,0.8888888888888888,0.8873239436619719,0.8888888888888888,0.8873239436619719,0.8888888888888888,0.8888888888888888,0.8888888888888888,0.8873239436619719,0.8888888888888888,0.8888888888888888,0.8888888888888888,1.0,1.0,1.0,0.0,1.0,1.0,1.0,0.0
JumpTable,Dyninst,O0,0.41753003003003003,0.4050360285251502,0.3735445920737918,0.41919765166340506,0.3111210818906226,0.3508275743591758,0.3751515144370915,0.3797202797202797,0.5031844621906734,0.47738074525155866,0.40155832603796404,0.3092537527831646,0.4430527088281099,0.4585571962284291,0.38393128941074145,0.3816964238197115,0.5022522522522522,0.4115186615186615,0.426017226017226,0.4115186615186615,0.5059701492537313,0.2928090428090428,0.33169642857142856,0.45055697726930605,0.5101543813872581,0.5399785906635222,0.6986301369863014,0.17567567567567569,0.12162162162162163,0.8412952472920701,0.5809523809523809,0.35714285714285715,0.5238095238095237,0.6,0.5095238095238095,0.5,0.44285714285714284,0.6142857142857143,0.6571428571428571,0.6047619047619048,0.5619047619047619,0.6285714285714286,0.5297619047619048,0.5535714285714286,0.4851190476190476,0.5705782312925171,0.6130952380952381,0.5535714285714286,0.550595238095238,0.5398809523809524,0.530952380952381,0.5386904761904762,0.5238095238095238,0.5148809523809523,0.4236194947462553,0.4157235812536035,0.4026221397649969,0.542234526037343,0.4717222460079603,0.37230840364643186,0.4157235812536035,0.3969514054021096,0.5499807335521621,0.4157235812536035,0.3969514054021096,0.542234526037343,0.1875,0.8768359845282923,0.15151515151515152,0.8627648718717082,0.1875,0.1875,0.1875,0.9137429636233778
JumpTable,Dyninst,O1,0.1674103998936775,0.1575462810680534,0.15495893705127264,0.15798747730454468,0.18102880638765806,0.17347536454622992,0.1556695456387869,0.16504329004329005,0.15353812853812854,0.11268783504077622,0.1696412345083534,0.20347663608533173,0.19192538084699148,0.1701732117658297,0.17063243394412228,0.17288941217512646,0.2450752950752951,0.1672882997715774,0.2523624848457624,0.1672882997715774,0.15746442255062945,0.1728076550387597,0.1825984714873604,0.19539363954948372,0.19850502184344812,0.30101038932207763,0.07792207792207792,0.20094184144527394,0.07692307692307693,0.7436657111438361,0.05555555555555555,0.07142857142857142,0.05970149253731343,0.043478260869565216,0.07042253521126761,0.06944444444444445,0.05555555555555555,0.05555555555555555,0.04225352112676056,0.06756756756756757,0.05555555555555555,0.03076923076923077,0.16666666666666666,0.14545454545454545,0.14814814814814814,0.17647058823529413,0.17307692307692307,0.16981132075471697,0.1509433962264151,0.17647058823529413,0.19230769230769232,0.15789473684210525,0.16666666666666666,0.16,0.15696260062756226,0.1570895847545464,0.15908371685225906,0.15696260062756226,0.15908371685225906,0.1702959339608956,0.1570895847545464,0.15696260062756226,0.15908371685225906,0.1570895847545464,0.15696260062756226,0.15696260062756226,0.11764705882352941,0.08571428571428572,0.11428571428571428,0.5266500301346849,0.11764705882352941,0.14705882352941177,0.11764705882352941,0.5129180673276829
JumpTable,Dyninst,O2,0.13677209886887307,0.13520417491005726,0.13592025918229125,0.15712330749321624,0.16801705576251394,0.13910825826410242,0.15659895102016447,0.14226190476190476,0.11420601089677841,0.11040002802297884,0.2887236206458174,0.2958308288252187,0.29658146927912205,0.13284913027475956,0.13439383072753333,0.13623321413290065,0.22954822954822957,0.13060787093993925,0.2754134189785482,0.13060787093993925,0.2090702947845805,0.16904761904761906,0.1984143657462985,0.18575738835479094,0.20402276295133437,0.25698947517129334,0.2388888888888889,0.219890309611795,0.06493506493506493,0.6695580151462505,0.08333333333333333,0.0980392156862745,0.06944444444444445,0.09047619047619049,0.07207207207207209,0.07729468599033817,0.08450704225352113,0.06944444444444445,0.07042253521126761,0.0958904109589041,0.07142857142857142,0.06944444444444445,0.19230769230769232,0.16071428571428573,0.14814814814814814,0.2,0.16666666666666666,0.16363636363636364,0.15789473684210525,0.15384615384615385,0.1568627450980392,0.14545454545454545,0.18518518518518517,0.16,0.11340861684354453,0.11342726486219255,0.11494116571980864,0.1317111798477567,0.11472133004270162,0.13229887301416055,0.11342726486219255,0.11340861684354453,0.1334910606565102,0.11342726486219255,0.11340861684354453,0.1317111798477567,0.11764705882352941,0.601469723691946,0.17142857142857143,0.6854066720291048,0.18823529411764706,0.11764705882352941,0.11764705882352941,0.7461207884844179
JumpTable,Dyninst,O3,0.14996907854050712,0.1625526504147194,0.15561484546585166,0.16938685096579834,0.16189481640275755,0.1288793904405023,0.15212740219405557,0.13542699724517906,0.17976190476190476,0.13416179337231968,0.2647505378963179,0.27622254288920955,0.261311028702333,0.15574422129594542,0.15927049860806666,0.15636300833669256,0.2645909645909646,0.1532197413970813,0.14268192125334983,0.1532197413970813,0.23709677419354838,0.2,0.21120640365923385,0.19952700378396973,0.22068291722896988,0.2602952602952603,0.2194083694083694,0.18795239127307437,0.06493506493506493,0.667696670116025,0.08333333333333333,0.08571428571428572,0.07407407407407408,0.07142857142857142,0.07207207207207209,0.08095238095238094,0.08450704225352113,0.06944444444444445,0.06944444444444445,0.09722222222222222,0.07042253521126761,0.08571428571428572,0.19230769230769232,0.16363636363636364,0.14814814814814814,0.19607843137254902,0.16363636363636364,0.16363636363636364,0.15789473684210525,0.15384615384615385,0.1568627450980392,0.14545454545454545,0.18181818181818182,0.1568627450980392,0.1279243130084645,0.12781677841817127,0.12756921929835915,0.12442532416216627,0.12753019186207143,0.12817907791592,0.12781677841817127,0.1258453109294624,0.1261297806575384,0.12781677841817127,0.1258453109294624,0.12442532416216627,0.11764705882352941,0.5728982951205174,0.17142857142857143,0.6700005095641187,0.18823529411764706,0.11764705882352941,0.6377450980392156,0.7448610019169599
JumpTable,Dyninst,Os,0.15675798275798278,0.1456639654008075,0.14193008898891252,0.14426504426504425,0.16140898091025968,0.11338793338793339,0.11878865104671557,0.12327044025157233,0.1113534227418075,0.11405433646812957,0.21591611498028612,0.2335797644621174,0.2612802230449289,0.15657045657045657,0.14610148727795785,0.1442708429550535,0.21685714285714283,0.15615969215969216,0.26025589225589224,0.15615969215969216,0.24074074074074076,0.16770833333333335,0.15596440596440597,0.19862719862719863,0.1899194649194649,0.3638898638898639,0.08108108108108109,0.1863068783068783,0.06666666666666667,0.692989130835823,0.07462686567164178,0.07352941176470588,0.07352941176470588,0.078125,0.07462686567164178,0.07352941176470588,0.07575757575757576,0.07246376811594203,0.07462686567164178,0.07246376811594203,0.078125,0.07246376811594203,0.15384615384615385,0.18181818181818182,0.16981132075471697,0.17307692307692307,0.18,0.1875,0.16981132075471697,0.18,0.17647058823529413,0.14814814814814814,0.17307692307692307,0.16326530612244897,0.14185936827190698,0.1412361488986876,0.14322539043247193,0.1412361488986876,0.14322539043247193,0.14185936827190698,0.1412361488986876,0.1412361488986876,0.14322539043247193,0.1412361488986876,0.1412361488986876,0.1412361488986876,0.12121212121212122,0.0923076923076923,0.11764705882352941,0.6788667640969431,0.12121212121212122,0.12121212121212122,0.12121212121212122,0.6788667640969431
JumpTable,Ghidra,O0,0.756949806949807,0.7536203522504892,0.7536203522504892,0.7536203522504892,0.7536203522504892,0.7536203522504892,0.7536203522504892,0.7983789260385006,0.7449112978524743,0.7657920310981536,0.7829059829059829,0.7829059829059829,0.771043771043771,0.7536203522504892,0.7536203522504892,0.7536203522504892,0.5817245817245817,0.756949806949807,0.756949806949807,0.756949806949807,0.7420386904761904,0.7550505050505051,0.7855631141345426,0.7464448793215916,0.7464448793215916,0.525288106110024,0.7936507936507936,0.7412513162513162,0.77001287001287,0.9739243016973969,0.09642228977838223,0.09632891909677625,0.09673413887699601,0.09632891909677625,0.09632891909677625,0.09682750955860199,0.096460847711677,0.09632891909677625,0.09633557910343625,0.09682750955860199,0.096460847711677,0.096460847711677,0.04327203808958467,0.04320733829662401,0.04327203808958467,0.04327203808958467,0.04327203808958467,0.04327203808958467,0.04327203808958467,0.04327203808958467,0.04327203808958467,0.04320733829662401,0.04327203808958467,0.04327203808958467,0.7360522107000981,0.7360522107000981,0.7322815279958137,0.7360522107000981,0.7322815279958137,0.7360522107000981,0.7360522107000981,0.7360522107000981,0.7322815279958137,0.7360522107000981,0.7360522107000981,0.7360522107000981,0.78125,0.9853146853146852,0.9092526399703433,0.9802147309212527,0.9802147309212527,0.78125,0.78125,0.9544449656513609
JumpTable,Ghidra,O1,0.8131257631257631,0.8106988249845393,0.8106988249845393,0.8106988249845393,0.8077865857086636,0.8034575813796594,0.8095181874402654,0.7971631205673759,0.8226666666666667,0.820125786163522,0.8125360289043153,0.8125360289043153,0.8152140856342537,0.8106988249845393,0.8106988249845393,0.8106988249845393,0.8145243645243645,0.8131257631257631,0.8131257631257631,0.8131257631257631,0.7867816091954023,0.7781305114638448,0.8481481481481481,0.6917692696913477,0.6896047675268454,0.44311763272802235,0.8193512115590038,0.8063843563843565,0.09466092186680422,0.9724990200057391,0.25552337267313113,0.2568496559800908,0.29203074264531687,0.2670872857999883,0.2705128590309239,0.26313457481758135,0.2634273792531061,0.24519250126480494,0.26662046582902993,0.25922745487962884,0.2749425577777027,0.2720788872962786,0.1894991605422574,0.19242555424373606,0.18382569077013522,0.15364923747276688,0.18423910491218184,0.18334082060497153,0.02868591576138746,0.026548817094720616,0.035735739356429014,0.20545992173415994,0.18655937683715462,0.1768864468864469,0.8056507936507936,0.8056507936507936,0.803024453024453,0.8056507936507936,0.803024453024453,0.8056507936507936,0.8056507936507936,0.8056507936507936,0.803024453024453,0.8056507936507936,0.8056507936507936,0.8056507936507936,0.8333333333333333,0.9863636363636363,0.9819952672126586,0.9782571600985923,0.981465716248325,0.8333333333333333,0.8137254901960784,0.9838899947118243
JumpTable,Ghidra,O2,0.7961233211233212,0.7928056070913213,0.7952793238507524,0.7928056070913213,0.7909503195217481,0.7866213151927438,0.7928056070913213,0.7714285714285714,0.8140589569160998,0.8084848484848485,0.8153209109730849,0.8153209109730849,0.8036734693877552,0.7925856307435254,0.7952793238507524,0.7928056070913213,0.786914936914937,0.7961233211233212,0.7961233211233212,0.7961233211233212,0.7643369175627239,0.7731481481481481,0.8244047619047619,0.7784992784992785,0.7784992784992785,0.7542568542568542,0.8000412286126571,0.785787858864782,0.7779633065347351,0.971274235397733,0.3070027913393731,0.2886809781383818,0.32904100529100533,0.336544061302682,0.3257527478217133,0.3294017277075748,0.2900549512550742,0.30817534971946736,0.312854151938659,0.31287047278708985,0.321007326007326,0.3159722222222222,0.33210443402751094,0.38717727988884826,0.39720117845117847,0.41556704165399816,0.4031544307812424,0.4202124621096953,0.07952499713335627,0.05649154766801826,0.08284327030705883,0.31625647080192537,0.433781211408023,0.3638863636363637,0.7902433862433862,0.7902433862433862,0.7874088374088374,0.7902433862433862,0.7874088374088374,0.7902433862433862,0.7902433862433862,0.7902433862433862,0.7874088374088374,0.7902433862433862,0.7902433862433862,0.7902433862433862,0.7941176470588235,0.9858585858585859,0.9819106111280024,0.970409982174688,0.9813785702788259,0.7941176470588235,0.7941176470588235,0.9856073744147837
JumpTable,Ghidra,O3,0.7967223252937539,0.7932063492063491,0.794047619047619,0.7938157081014224,0.7928514467988151,0.7872972265829409,0.7932957393483709,0.7702127659574469,0.7782312925170068,0.8235294117647058,0.8206763285024155,0.8197977615746992,0.8072233724407637,0.7913015873015873,0.794047619047619,0.7932957393483709,0.7527269027269028,0.7945578231292517,0.7967223252937539,0.7945578231292517,0.7659380692167578,0.75,0.8270440251572327,0.777046783625731,0.777046783625731,0.7524853801169591,0.7528860028860028,0.7844488844488844,0.7779633065347351,0.9714964799230483,0.3075511503168508,0.2994210128495843,0.32834656084656083,0.3372328042328042,0.32555533555533556,0.33058706901564044,0.2894019288142649,0.30756081472993235,0.3139025054466231,0.31773435702783526,0.32125603864734303,0.3120408163265306,0.3318764011907825,0.39746276450821905,0.39708087470768627,0.41377862333744686,0.39559124998848316,0.42054304062209197,0.07952499713335627,0.05649154766801826,0.08287603742460103,0.3223170768625314,0.4261098749735113,0.3760026737967914,0.7889103389103389,0.7889103389103389,0.7860186997173298,0.7889103389103389,0.7860186997173298,0.7889103389103389,0.7889103389103389,0.7889103389103389,0.7860186997173298,0.7889103389103389,0.7889103389103389,0.7889103389103389,0.7941176470588235,0.9858585858585859,0.9819106111280024,0.970409982174688,0.9813785702788259,0.7941176470588235,0.9333333333333333,0.9856073744147837
JumpTable,Ghidra,Os,0.7832804232804232,0.7803517803517803,0.7803517803517803,0.78003003003003,0.7758472758472759,0.7713427713427714,0.7803517803517803,0.7222222222222222,0.6913580246913581,0.7663170163170163,0.807070707070707,0.807070707070707,0.7950248756218905,0.7803517803517803,0.7803517803517803,0.78003003003003,0.7743915343915344,0.7832804232804232,0.7832804232804232,0.7832804232804232,0.7580645161290323,0.7741935483870968,0.7829059829059829,0.6534534534534534,0.6512012012012012,0.4924856674856675,0.794894894894895,0.7610582010582011,0.7237710437710437,0.9709588074492909,0.28701214424770555,0.301077335528473,0.31595228301110656,0.3513088474025974,0.3208154596863228,0.33080522418757713,0.28090187075988293,0.2839117598573784,0.28417994063296964,0.31151646085483514,0.32532051282051283,0.2975908149821193,0.32863247863247863,0.37318943682580047,0.4170573661139699,0.406915306915307,0.4194949494949495,0.4527146464646465,0.08071076995195124,0.07982417582417582,0.081060116354234,0.32351378952686144,0.4093434343434343,0.413997113997114,0.7742504409171076,0.7742504409171076,0.771070869662419,0.7742504409171076,0.771070869662419,0.7742504409171076,0.7742504409171076,0.7742504409171076,0.771070869662419,0.7742504409171076,0.7742504409171076,0.7742504409171076,0.8484848484848485,0.9853146853146852,0.9813785702788259,0.9808142845296994,0.9808142845296994,0.8484848484848485,0.7878787878787878,0.9808142845296994
JumpTable,Ida,O0,0.783054483054483,0.7800826266579691,0.7800826266579691,0.7800826266579691,0.7800826266579691,0.7800826266579691,0.7800826266579691,0.7435897435897435,0.7152777777777778,0.7484848484848484,0.8049572649572649,0.8049572649572649,0.7927609427609428,0.7800826266579691,0.7800826266579691,0.7800826266579691,0.783054483054483,0.783054483054483,0.783054483054483,0.783054483054483,0.7565505804311775,0.7575757575757576,0.8076388888888889,0.7697108066971081,0.7697108066971081,0.7704935855620787,0.7883018047401609,0.7477477477477478,0.7786786786786787,0.9669132593830159,0.7142857142857143,0.7142857142857143,0.7142857142857143,0.7142857142857143,0.7142857142857143,0.7142857142857143,0.7142857142857143,0.7142857142857143,0.7142857142857143,0.7142857142857143,0.7142857142857143,0.7142857142857143,0.7529761904761905,0.7529761904761905,0.7529761904761905,0.7529761904761905,0.7529761904761905,0.7529761904761905,0.7529761904761905,0.7529761904761905,0.7529761904761905,0.7529761904761905,0.7529761904761905,0.7529761904761905,0.7738877710708696,0.7738877710708696,0.770657596371882,0.7738877710708696,0.770657596371882,0.7738877710708696,0.7738877710708696,0.7738877710708696,0.770657596371882,0.7738877710708696,0.7738877710708696,0.7738877710708696,0.78125,0.9743589743589743,0.8535353535353536,0.9673816131447954,0.9673816131447954,0.78125,0.79375,0.9817722086575327
JumpTable,Ida,O1,0.8068796068796069,0.7876262626262627,0.7933660933660934,0.7876262626262627,0.7876262626262627,0.7933660933660934,0.7933660933660934,0.7628205128205128,0.7509920634920635,0.7894736842105263,0.809717733247145,0.8126007978949156,0.800472427777081,0.7933660933660934,0.790535491905355,0.8068796068796069,0.8068796068796069,0.7961212121212121,0.790535491905355,0.7961212121212121,0.7619047619047619,0.7611111111111111,0.8366013071895424,0.7722706517227065,0.7691077441077441,0.7888615888615889,0.7995374488525174,0.8100159489633174,0.7917978417978419,0.9652212945694556,0.6716417910447762,0.7014925373134329,0.703125,0.6666666666666666,0.6911764705882353,0.6764705882352942,0.6567164179104478,0.6617647058823529,0.6617647058823529,0.676056338028169,0.6764705882352942,0.6451612903225806,0.66,0.7019230769230769,0.673469387755102,0.7340425531914894,0.6224489795918368,0.73,0.7244897959183674,0.78125,0.6979166666666666,0.6886792452830188,0.6568627450980392,0.6808510638297872,0.7815584415584416,0.7876262626262627,0.7783926218708828,0.7876262626262627,0.7815584415584416,0.7876262626262627,0.7987195902688861,0.8015151515151515,0.7815584415584416,0.7987195902688861,0.7846350832266326,0.8015151515151515,0.821505376344086,0.9743589743589743,0.8838383838383839,0.9725137431284357,0.9720853858784892,0.8387096774193549,0.9053763440860215,0.9827530295272231
JumpTable,Ida,O2,0.7777713027713028,0.7699068608159517,0.7682539682539683,0.7634133543224453,0.7758297258297258,0.7788933288933289,0.7721833721833722,0.7797619047619048,0.7475369458128078,0.7786885245901639,0.8109730848861283,0.8109730848861283,0.7985714285714286,0.7719231791600213,0.773153614062705,0.7634133543224453,0.7669844400613631,0.7713610463610464,0.7828995078995079,0.7713610463610464,0.7707231040564374,0.7698412698412699,0.8154761904761905,0.7702020202020202,0.7702020202020202,0.7708513708513708,0.7928056070913213,0.7751040981810212,0.7608365660313713,0.9640499950880169,0.7222222222222222,0.7205882352941176,0.7305555555555556,0.7428571428571429,0.7243243243243244,0.7536231884057971,0.704225352112676,0.7305555555555556,0.7464788732394366,0.726027397260274,0.7428571428571429,0.7222222222222222,0.7307692307692307,0.7678571428571429,0.7407407407407407,0.78,0.7037037037037037,0.8,0.7543859649122807,0.7884615384615384,0.7843137254901961,0.7454545454545455,0.7407407407407407,0.74,0.7628821548821548,0.7628821548821548,0.7596778596778596,0.7628821548821548,0.7596778596778596,0.7628821548821548,0.7628821548821548,0.7628821548821548,0.7596778596778596,0.7628821548821548,0.7628821548821548,0.7628821548821548,0.9202953908836262,0.9761904761904762,0.8,0.9693003417833369,0.9480176686059039,0.7941176470588235,0.8725490196078431,0.9754914905012072
JumpTable,Ida,O3,0.776328217237308,0.7719191919191919,0.7732456140350877,0.766966366966367,0.785898969451601,0.7797369297369297,0.7732456140350877,0.7757575757575758,0.744047619047619,0.7777777777777778,0.817287784679089,0.8170462387853692,0.8044628479411088,0.7636969696969697,0.7650518341307815,0.7771132376395534,0.7601671832441063,0.7698347107438016,0.7750295159386069,0.7698347107438016,0.7526881720430108,0.75,0.8238993710691823,0.768640350877193,0.768640350877193,0.7692982456140351,0.7916512059369202,0.7671328671328671,0.7608365660313713,0.9644028041166826,0.7222222222222222,0.7142857142857143,0.7305555555555556,0.7371428571428572,0.7243243243243244,0.7371428571428572,0.704225352112676,0.7305555555555556,0.7361111111111112,0.7361111111111112,0.7323943661971831,0.7285714285714285,0.7307692307692307,0.7636363636363637,0.7407407407407407,0.7647058823529411,0.7090909090909091,0.8,0.7543859649122807,0.7884615384615384,0.7843137254901961,0.7454545454545455,0.7272727272727273,0.7450980392156863,0.7621621621621621,0.7621621621621621,0.7589041095890411,0.7621621621621621,0.7589041095890411,0.7621621621621621,0.7621621621621621,0.7621621621621621,0.7589041095890411,0.7621621621621621,0.7621621621621621,0.7621621621621621,0.9202953908836262,0.9761904761904762,0.8,0.9693003417833369,0.9480176686059039,0.7941176470588235,0.8990196078431373,0.9754914905012072
JumpTable,Ida,Os,0.778074074074074,0.775075075075075,0.775075075075075,0.7746592746592746,0.775075075075075,0.775075075075075,0.775075075075075,0.6918238993710691,0.6527093596059113,0.7413793103448276,0.8045454545454546,0.8045454545454546,0.7925373134328358,0.775075075075075,0.775075075075075,0.7746592746592746,0.778074074074074,0.778074074074074,0.778074074074074,0.778074074074074,0.7724867724867724,0.7890625,0.7962962962962963,0.771021021021021,0.771021021021021,0.771021021021021,0.7894075894075894,0.778074074074074,0.7568888888888888,0.9553913119616996,0.7164179104477612,0.7205882352941176,0.7205882352941176,0.734375,0.7164179104477612,0.7352941176470589,0.7121212121212122,0.7101449275362319,0.7313432835820896,0.7101449275362319,0.75,0.7101449275362319,0.7211538461538461,0.7454545454545455,0.7264150943396226,0.7596153846153846,0.77,0.7916666666666666,0.7830188679245284,0.76,0.7549019607843137,0.75,0.7115384615384616,0.7653061224489796,0.7688271604938272,0.7688271604938272,0.7655712050078247,0.7688271604938272,0.7655712050078247,0.7688271604938272,0.7688271604938272,0.7688271604938272,0.7655712050078247,0.7688271604938272,0.7688271604938272,0.7688271604938272,0.7878787878787878,0.9743589743589743,0.7941176470588235,0.9683700491101046,0.9679936139510606,0.7878787878787878,0.7878787878787878,0.9683700491101046
JumpTable,Ninja,O0,0.7720077220077219,0.77573385518591,0.7688845401174168,0.7688845401174168,0.7713307240704501,0.7688845401174168,0.7781800391389433,0.7472527472527472,0.719515306122449,0.7519480519480519,0.7940170940170941,0.7940170940170941,0.786883991429446,0.7688845401174168,0.7713307240704501,0.7688845401174168,0.783054483054483,0.7744208494208494,0.7693050193050194,0.7693050193050194,0.7627931769722814,0.7690476190476191,0.8129960317460317,0.7697108066971081,0.7658512720156556,0.09419439008480104,0.7883018047401609,0.7297297297297297,0.7297297297297297,0.970038114808211,0.770657596371882,0.7635147392290249,0.7702180359323216,0.7635147392290249,0.7702180359323216,0.770657596371882,0.770657596371882,0.770657596371882,0.770657596371882,0.770204081632653,0.770204081632653,0.770204081632653,0.7706632653061225,0.7795918367346939,0.7795918367346939,0.7795918367346939,0.7795918367346939,0.7706632653061225,0.7795918367346939,0.7706632653061225,0.7795918367346939,0.7795918367346939,0.7795918367346939,0.7795918367346939,0.7648893360160965,0.7623742454728369,0.7589795918367347,0.7648893360160965,0.7561224489795919,0.7623742454728369,0.7623742454728369,0.7595573440643864,0.7589795918367347,0.7590207914151577,0.7623742454728369,0.7620724346076458,0.8427083333333333,0.9743589743589743,0.7878787878787878,0.9673816131447954,0.78125,0.8427083333333333,0.8427083333333333,0.9817722086575327
JumpTable,Ninja,O1,0.7944444444444445,0.7956709956709956,0.7917748917748918,0.7917748917748918,0.7982683982683982,0.7935064935064935,0.8,0.7910714285714285,0.7827586206896552,0.7933333333333333,0.7906393123784429,0.7906393123784429,0.7936301793444651,0.7917748917748918,0.7917748917748918,0.7935064935064935,0.803962703962704,0.7961538461538462,0.7944444444444445,0.7944444444444445,0.7724137931034483,0.784375,0.8481481481481481,0.3865744644965424,0.35280823073030865,0.11854772211915068,0.8099510878731658,0.8019384124647282,0.04276890192037457,0.9659997943186104,0.7665614478114479,0.790878169449598,0.7557924662402274,0.7400213313256792,0.7750442046216693,0.7532347282347283,0.7472162097162097,0.745496632996633,0.7558624474117431,0.7532604032604032,0.7539351851851852,0.7331623931623932,0.7240740740740741,0.7563636363636363,0.7425925925925926,0.7745098039215687,0.6942307692307692,0.7792452830188679,0.7792452830188679,0.803921568627451,0.7615384615384616,0.7421052631578947,0.7263532763532764,0.742,0.7928888888888889,0.7862222222222223,0.7833333333333333,0.7862222222222223,0.7900900900900901,0.788,0.7928888888888889,0.7862222222222223,0.7833333333333333,0.788,0.7946666666666666,0.7862222222222223,0.8667420814479638,0.9761904761904762,0.9175510204081633,0.9556619975567573,0.8649638802889577,0.8667420814479638,0.8753034547152194,0.9789052344551408
JumpTable,Ninja,O2,0.7861721611721612,0.7736549165120593,0.7863636363636364,0.7736549165120593,0.7833951762523191,0.7857142857142857,0.7824675324675324,0.7821428571428571,0.7644088669950739,0.7918032786885245,0.7934207499424891,0.7959972394755004,0.7892290249433107,0.7805451127819548,0.7857142857142857,0.775974025974026,0.7866300366300366,0.7861721611721612,0.7861721611721612,0.7884615384615384,0.7807760141093475,0.7880952380952381,0.8339285714285715,0.779076479076479,0.779076479076479,0.7418367346938776,0.7928056070913213,0.7852564102564102,0.7567099567099567,0.9636368436026594,0.76929012345679,0.7660130718954248,0.7546296296296297,0.7707936507936508,0.7701201201201201,0.7892109500805153,0.7660406885758998,0.7665123456790124,0.7810641627543036,0.7720156555772993,0.7679591836734694,0.7688492063492063,0.7855769230769231,0.81875,0.7935185185185185,0.8033333333333332,0.7564814814814815,0.8372727272727272,0.7903508771929824,0.8125,0.838562091503268,0.7827272727272727,0.7935185185185185,0.782,0.7782857142857144,0.7806666666666666,0.7752895752895753,0.7782857142857144,0.7752895752895753,0.7782857142857144,0.7782857142857144,0.7782857142857144,0.7752895752895753,0.7782857142857144,0.7806666666666666,0.7782857142857144,0.8402714932126697,0.9629629629629629,0.9095970695970697,0.9686201437096578,0.8137254901960784,0.8468805704099821,0.834453781512605,0.9828444316776778
JumpTable,Ninja,O3,0.788961038961039,0.7866666666666666,0.7868421052631579,0.7779220779220779,0.7838345864661654,0.788267614738203,0.7850877192982456,0.7672727272727273,0.7586734693877552,0.795,0.8150159729443617,0.8137153412089473,0.8031400966183575,0.7833333333333333,0.7861842105263158,0.781578947368421,0.7866300366300366,0.788961038961039,0.788961038961039,0.788961038961039,0.7758064516129033,0.765,0.8433962264150944,0.7776315789473685,0.7776315789473685,0.7447368421052631,0.7928056070913213,0.7857142857142857,0.7567099567099567,0.9637146011401362,0.76929012345679,0.7698412698412698,0.7564814814814815,0.7650793650793651,0.7701201201201201,0.7798412698412699,0.7660406885758998,0.7665123456790124,0.7720679012345679,0.7827380952380952,0.7749832327297116,0.7765306122448979,0.7855769230769231,0.8154545454545454,0.7935185185185185,0.8032679738562092,0.760909090909091,0.8372727272727272,0.7903508771929824,0.8125,0.838562091503268,0.7827272727272727,0.7790909090909092,0.7862745098039216,0.7810810810810811,0.7810810810810811,0.7780821917808218,0.7810810810810811,0.7780821917808218,0.7810810810810811,0.7810810810810811,0.7810810810810811,0.7780821917808218,0.7810810810810811,0.7810810810810811,0.7810810810810811,0.8402714932126697,0.9555555555555556,0.9095970695970697,0.9686201437096578,0.8137254901960784,0.8468805704099821,0.9242296918767507,0.9828444316776778
JumpTable,Ninja,Os,0.7671746031746032,0.7595238095238095,0.7637387387387388,0.7609098109098109,0.7640283140283141,0.7664414414414414,0.7731981981981982,0.6918238993710691,0.6780582922824302,0.7649425287356322,0.7937710437710437,0.7937710437710437,0.7819237147595356,0.7707850707850707,0.7664414414414414,0.7636125136125136,0.778074074074074,0.7671746031746032,0.7738412698412699,0.7671746031746032,0.7804232804232804,0.78125,0.8017676767676767,0.34804804804804806,0.30075075075075075,0.06454311454311454,0.7894075894075894,0.7695555555555555,0.6906666666666667,0.9600307118869269,0.7527745885954842,0.7590612002376709,0.7615121806298277,0.7863247863247863,0.7504899743705714,0.7835710041592394,0.7618610345883073,0.7486684008423139,0.7562189054726368,0.7570419918246005,0.7760416666666666,0.7564339042599912,0.7575757575757576,0.7889807162534435,0.7621497998856489,0.7692307692307693,0.7933333333333333,0.8159722222222222,0.8050314465408804,0.7933333333333333,0.7777777777777777,0.7880658436213992,0.7575757575757576,0.8039579468150896,0.7599537037037037,0.757473544973545,0.7540576794097921,0.757473544973545,0.7540576794097921,0.757473544973545,0.757473544973545,0.7599537037037037,0.7540576794097921,0.757473544973545,0.7599537037037037,0.757473544973545,0.8202020202020202,0.9743589743589743,0.9146837682441398,0.9683700491101046,0.8121212121212121,0.8202020202020202,0.7999999999999999,0.9683700491101046
JumpTable,Objdump,O0,0.7837837837837838,0.7808219178082192,0.7808219178082192,0.7808219178082192,0.7808219178082192,0.7808219178082192,0.7808219178082192,0.9038461538461539,0.8571428571428571,0.8363636363636363,0.8307692307692308,0.8307692307692308,0.8333333333333334,0.7808219178082192,0.7808219178082192,0.7808219178082192,0.7837837837837838,0.7837837837837838,0.7837837837837838,0.7837837837837838,0.8059701492537313,0.8333333333333334,0.828125,0.7945205479452054,0.7945205479452054,0.7945205479452054,0.7945205479452054,0.7837837837837838,0.7837837837837838,0.0,0.8142857142857143,0.8142857142857143,0.8,0.8142857142857143,0.8142857142857143,0.8142857142857143,0.8,0.8,0.8,0.8142857142857143,0.8142857142857143,0.8142857142857143,0.8214285714285714,0.8214285714285714,0.8214285714285714,0.8214285714285714,0.8214285714285714,0.8214285714285714,0.8214285714285714,0.8214285714285714,0.8214285714285714,0.8214285714285714,0.8214285714285714,0.8214285714285714,0.8028169014084507,0.8028169014084507,0.8,0.8028169014084507,0.8,0.8028169014084507,0.8028169014084507,0.8028169014084507,0.8,0.8028169014084507,0.8028169014084507,0.8028169014084507,0.0,0.0,0.0,0.0,0.0,0.0,0.0,0.0
JumpTable,Objdump,O1,0.7564102564102564,0.7532467532467533,0.7532467532467533,0.7532467532467533,0.7402597402597403,0.7402597402597403,0.7402597402597403,0.8928571428571429,0.8448275862068966,0.8,0.7971014492753623,0.7971014492753623,0.8,0.7532467532467533,0.7532467532467533,0.7532467532467533,0.7435897435897436,0.7564102564102564,0.7564102564102564,0.7564102564102564,0.8620689655172413,0.84375,0.8888888888888888,0.7532467532467533,0.7532467532467533,0.7532467532467533,0.7532467532467533,0.7564102564102564,0.7435897435897436,0.05128205128205128,0.7777777777777778,0.7714285714285715,0.8059701492537313,0.7971014492753623,0.7605633802816901,0.7777777777777778,0.7638888888888888,0.7777777777777778,0.7605633802816901,0.7702702702702703,0.7916666666666666,0.7846153846153846,0.7962962962962963,0.8363636363636363,0.8148148148148148,0.8823529411764706,0.8269230769230769,0.8113207547169812,0.8301886792452831,0.8627450980392157,0.8269230769230769,0.8245614035087719,0.8148148148148148,0.82,0.7733333333333333,0.7733333333333333,0.7702702702702703,0.7733333333333333,0.7702702702702703,0.7733333333333333,0.7733333333333333,0.7733333333333333,0.7702702702702703,0.7733333333333333,0.7733333333333333,0.7733333333333333,0.0,0.0,0.0,0.0,0.0,0.0,0.0,0.0
JumpTable,Objdump,O2,0.782051282051282,0.7792207792207793,0.7792207792207793,0.7792207792207793,0.7792207792207793,0.7792207792207793,0.7792207792207793,0.9107142857142857,0.8620689655172413,0.819672131147541,0.8260869565217391,0.8260869565217391,0.8285714285714286,0.7763157894736842,0.7792207792207793,0.7792207792207793,0.782051282051282,0.782051282051282,0.782051282051282,0.782051282051282,0.8253968253968254,0.8571428571428571,0.8571428571428571,0.7922077922077922,0.7922077922077922,0.7922077922077922,0.7922077922077922,0.782051282051282,0.7922077922077922,0.05128205128205128,0.8055555555555556,0.8235294117647058,0.8194444444444444,0.8142857142857143,0.7972972972972973,0.7971014492753623,0.7887323943661971,0.8055555555555556,0.8028169014084507,0.7945205479452054,0.8285714285714286,0.8194444444444444,0.8269230769230769,0.8214285714285714,0.8148148148148148,0.86,0.8333333333333334,0.8363636363636363,0.8421052631578947,0.8653846153846154,0.8235294117647058,0.8545454545454545,0.8148148148148148,0.84,0.8,0.8,0.7972972972972973,0.8,0.7972972972972973,0.8,0.8,0.8,0.7972972972972973,0.8,0.8,0.8,0.0,0.0,0.0,0.0,0.0,0.0,0.0,0.0
JumpTable,Objdump,O3,0.7922077922077922,0.8,0.7894736842105263,0.7792207792207793,0.7894736842105263,0.7792207792207793,0.7894736842105263,0.9272727272727272,0.875,0.8333333333333334,0.8260869565217391,0.8260869565217391,0.8405797101449275,0.7866666666666666,0.7894736842105263,0.7894736842105263,0.782051282051282,0.7922077922077922,0.7922077922077922,0.7922077922077922,0.8225806451612904,0.8666666666666667,0.8113207547169812,0.8026315789473685,0.8026315789473685,0.8026315789473685,0.7922077922077922,0.7922077922077922,0.7922077922077922,0.05128205128205128,0.8055555555555556,0.8142857142857143,0.8194444444444444,0.8142857142857143,0.7972972972972973,0.7857142857142857,0.7887323943661971,0.8055555555555556,0.7916666666666666,0.7916666666666666,0.8028169014084507,0.8142857142857143,0.8269230769230769,0.8181818181818182,0.8148148148148148,0.8431372549019608,0.8363636363636363,0.8363636363636363,0.8421052631578947,0.8653846153846154,0.8235294117647058,0.8727272727272727,0.8181818181818182,0.8431372549019608,0.8108108108108109,0.8108108108108109,0.8082191780821918,0.8108108108108109,0.8082191780821918,0.8108108108108109,0.8108108108108109,0.8108108108108109,0.8082191780821918,0.8108108108108109,0.8108108108108109,0.8108108108108109,0.0,0.0,0.0,0.0,0.0,0.0,0.0,0.0
JumpTable,Objdump,Os,0.8266666666666667,0.8243243243243243,0.8243243243243243,0.8243243243243243,0.8243243243243243,0.8243243243243243,0.8243243243243243,0.9622641509433962,0.8448275862068966,0.8620689655172413,0.8484848484848485,0.8484848484848485,0.8507462686567164,0.8243243243243243,0.8243243243243243,0.8243243243243243,0.8266666666666667,0.8266666666666667,0.8266666666666667,0.8266666666666667,0.873015873015873,0.859375,0.8636363636363636,0.8378378378378378,0.8378378378378378,0.8378378378378378,0.8243243243243243,0.8266666666666667,0.84,0.05333333333333334,0.8656716417910447,0.8529411764705882,0.8382352941176471,0.84375,0.8507462686567164,0.8382352941176471,0.8333333333333334,0.8405797101449275,0.8656716417910447,0.8405797101449275,0.890625,0.8405797101449275,0.8653846153846154,0.8545454545454545,0.8679245283018868,0.9038461538461539,0.9,0.875,0.8679245283018868,0.88,0.8627450980392157,0.8518518518518519,0.8461538461538461,0.8367346938775511,0.8472222222222222,0.8472222222222222,0.8450704225352113,0.8472222222222222,0.8450704225352113,0.8472222222222222,0.8472222222222222,0.8472222222222222,0.8450704225352113,0.8472222222222222,0.8472222222222222,0.8472222222222222,0.0,0.0,0.0,0.0,0.0,0.0,0.0,0.0
JumpTable,Radare,O0,0.7764610764610764,0.7728241317282413,0.7677538595346814,0.7665495843578035,0.7715941592653921,0.7715941592653921,0.7763343201699366,0.7461538461538461,0.7158730158730159,0.7605042016806723,0.8049572649572649,0.8049572649572649,0.7927609427609428,0.7659748166597482,0.7673323632227742,0.7669710806697108,0.7405405405405405,0.76990951990952,0.7697043197043196,0.76990951990952,0.7565505804311775,0.7575757575757576,0.8076388888888889,0.7697108066971081,0.7697108066971081,0.7697108066971081,0.7465753424657534,0.7297297297297297,0.7297297297297297,0.16509541215423568,0.7142857142857143,0.7142857142857143,0.7142857142857143,0.7142857142857143,0.7142857142857143,0.7142857142857143,0.7142857142857143,0.7142857142857143,0.7142857142857143,0.7142857142857143,0.7142857142857143,0.7142857142857143,0.7529761904761905,0.7529761904761905,0.7529761904761905,0.7529761904761905,0.7529761904761905,0.7529761904761905,0.7529761904761905,0.7529761904761905,0.7529761904761905,0.7529761904761905,0.7529761904761905,0.7529761904761905,0.7650163607910087,0.7599735163115444,0.7565445665445665,0.7599735163115444,0.7616594516594516,0.7593825579741073,0.7599735163115444,0.7599735163115444,0.7565445665445665,0.7599735163115444,0.7599735163115444,0.7599735163115444,0.78125,0.9358974358974359,0.7878787878787878,0.960843685300207,0.78125,0.78125,0.78125,0.9722771235687258
JumpTable,Radare,O1,0.7542735042735043,0.7692640692640693,0.7510822510822511,0.7575757575757576,0.7687524596615506,0.7675657675657676,0.777089577089577,0.7886904761904762,0.7471264367816093,0.8,0.7782608695652175,0.7782608695652175,0.7815089672232529,0.7510822510822511,0.7510822510822511,0.7575757575757576,0.7307692307692307,0.7542735042735043,0.7542735042735043,0.7542735042735043,0.7614942528735632,0.7685763888888889,0.845679012345679,0.7545454545454545,0.7545454545454545,0.7545454545454545,0.7402597402597403,0.7731934731934732,0.7307692307692307,0.8886092619642136,0.6944444444444444,0.7142857142857143,0.7164179104477612,0.6811594202898551,0.6901408450704225,0.6805555555555556,0.6666666666666666,0.6805555555555556,0.676056338028169,0.6756756756756757,0.6944444444444444,0.6615384615384615,0.6666666666666666,0.7090909090909091,0.6851851851851852,0.7450980392156863,0.6346153846153846,0.7358490566037735,0.7358490566037735,0.7843137254901961,0.7115384615384616,0.7017543859649122,0.6666666666666666,0.7,0.7444444444444445,0.7444444444444445,0.740990990990991,0.7444444444444445,0.740990990990991,0.7444444444444445,0.7444444444444445,0.7444444444444445,0.740990990990991,0.7444444444444445,0.7444444444444445,0.7444444444444445,0.7941176470588235,0.9107142857142857,0.8,0.9451840385276917,0.7941176470588235,0.7941176470588235,0.7941176470588235,0.9495037100079117
JumpTable,Radare,O2,0.7574786324786326,0.7484848484848485,0.7543290043290044,0.7445887445887446,0.7578443201819826,0.757485371771086,0.771028971028971,0.7797619047619048,0.735632183908046,0.7814207650273224,0.785638998682477,0.7869565217391304,0.7776128633271491,0.7510964912280702,0.7510822510822511,0.7445887445887446,0.7307692307692307,0.7574786324786326,0.7574786324786326,0.7574786324786326,0.7566137566137566,0.7689594356261023,0.8154761904761905,0.7433518862090291,0.7433518862090291,0.7433518862090291,0.7402597402597403,0.7536260036260036,0.7359307359307359,0.3616793462947309,0.7222222222222222,0.7205882352941176,0.7361111111111112,0.7428571428571429,0.7297297297297297,0.7536231884057971,0.704225352112676,0.7361111111111112,0.7464788732394366,0.726027397260274,0.7428571428571429,0.7222222222222222,0.7307692307692307,0.7678571428571429,0.7407407407407407,0.78,0.7037037037037037,0.8,0.7543859649122807,0.7884615384615384,0.7843137254901961,0.7454545454545455,0.7407407407407407,0.74,0.7484444444444445,0.7484444444444445,0.745045045045045,0.7484444444444445,0.745045045045045,0.7484444444444445,0.7484444444444445,0.7484444444444445,0.745045045045045,0.7484444444444445,0.7484444444444445,0.7484444444444445,0.7941176470588235,0.9285714285714286,0.8,0.9450019223375624,0.7941176470588235,0.7941176470588235,0.7941176470588235,0.9499883266908223
JumpTable,Radare,O3,0.7673160173160174,0.7617777777777778,0.7642543859649124,0.7497835497835498,0.7698763955342902,0.7569404621352673,0.7824898785425102,0.7648484848484849,0.744047619047619,0.7844444444444444,0.7876804828211478,0.8009369052847314,0.7877616747181965,0.7611111111111112,0.7642543859649124,0.7596491228070176,0.7307692307692307,0.7673160173160174,0.7673160173160174,0.7673160173160174,0.7623655913978494,0.75,0.8238993710691823,0.7531328320802005,0.7531328320802005,0.7531328320802005,0.7402597402597403,0.7518693427784336,0.7359307359307359,0.37199524122601046,0.7222222222222222,0.7142857142857143,0.7361111111111112,0.7428571428571429,0.7297297297297297,0.7428571428571429,0.704225352112676,0.7361111111111112,0.7361111111111112,0.7361111111111112,0.7323943661971831,0.7285714285714285,0.7307692307692307,0.7636363636363637,0.7407407407407407,0.7647058823529411,0.7090909090909091,0.8,0.7543859649122807,0.7884615384615384,0.7843137254901961,0.7454545454545455,0.7272727272727273,0.7450980392156863,0.7585585585585586,0.7585585585585586,0.7552511415525114,0.7585585585585586,0.7552511415525114,0.7585585585585586,0.7585585585585586,0.7585585585585586,0.7552511415525114,0.7585585585585586,0.7585585585585586,0.7585585585585586,0.7941176470588235,0.9285714285714286,0.8,0.9450019223375624,0.7941176470588235,0.7941176470588235,0.9107843137254902,0.9499883266908223
JumpTable,Radare,Os,0.7519191919191919,0.7553235053235052,0.7485667485667485,0.7545045045045046,0.743985743985744,0.7405405405405405,0.7576576576576577,0.6918238993710691,0.6580459770114943,0.7646290491118077,0.7828282828282828,0.7828282828282828,0.7711442786069651,0.7485667485667485,0.7485667485667485,0.7545045045045046,0.7333333333333333,0.7519191919191919,0.7519191919191919,0.7519191919191919,0.7566137566137566,0.765625,0.7727272727272727,0.7387387387387387,0.7387387387387387,0.7387387387387387,0.7432432432432432,0.7621082621082621,0.7288888888888888,0.8907830332307767,0.7164179104477612,0.7205882352941176,0.7205882352941176,0.734375,0.7164179104477612,0.7352941176470589,0.7121212121212122,0.7101449275362319,0.7313432835820896,0.7101449275362319,0.75,0.7101449275362319,0.7115384615384616,0.7454545454545455,0.7169811320754716,0.75,0.76,0.7916666666666666,0.7735849056603774,0.76,0.7450980392156863,0.7407407407407407,0.7115384615384616,0.7551020408163265,0.7415824915824916,0.7415824915824916,0.7379428083653435,0.7415824915824916,0.7379428083653435,0.7415824915824916,0.7415824915824916,0.7415824915824916,0.7379428083653435,0.7415824915824916,0.7415824915824916,0.7415824915824916,0.7878787878787878,0.8888888888888888,0.7941176470588235,0.9433353139235493,0.7878787878787878,0.7878787878787878,0.7878787878787878,0.9433353139235493
